Date;rent_CH2Y10YRetCHF_Acum;DEST2Y10YAcu;CHST2Y10YAcu;ESST2Y10YAcu
10/08/2007;0.338498496;0.238362275;0.338305374;0.024346142
17/08/2007;1.082563988;0.573695529;1.08187436;0.34614258
24/08/2007;0.444420424;0.50688541;0.443693052;0.142394983
31/08/2007;0.871330557;0.535183308;0.870412006;0.356243424
07/09/2007;0.766025989;0.404115692;0.764961133;0.392231224
14/09/2007;1.248917907;0.366919761;1.247774822;0.141394029
21/09/2007;1.339463557;0.723454377;1.338137423;0.559564739
28/09/2007;1.290315121;0.825163845;1.288825722;0.573710011
05/10/2007;1.287625769;0.846716285;1.28597442;0.573247262
12/10/2007;1.153104514;0.538885826;1.151286999;0.346828625
19/10/2007;1.060227149;0.485474506;1.058230409;0.479926373
26/10/2007;0.991495779;0.439508317;0.989318652;0.33862355
02/11/2007;0.905485238;0.622944829;0.903125273;0.341327835
09/11/2007;1.439848093;0.608355546;1.437127297;0.384959677
16/11/2007;1.564753513;0.736750132;1.561863514;0.407139523
23/11/2007;1.555640623;0.798845136;1.55259794;0.502402715
30/11/2007;2.100992333;0.705523787;2.097736653;0.531845208
07/12/2007;2.754598158;0.822272187;2.751140068;0.608957287
14/12/2007;2.743087446;1.010194315;2.739489303;0.783214418
21/12/2007;2.385943094;0.936082989;2.382215964;0.623360883
28/12/2007;2.404234535;0.843513655;2.400347175;0.573380051
04/01/2008;2.321859764;0.855451629;2.317805122;0.553969685
11/01/2008;2.504612555;0.770896997;2.500379197;0.479408878
18/01/2008;2.25826035;0.894842506;2.253811368;0.618949151
25/01/2008;1.812946934;0.945979533;1.808395406;0.648060295
01/02/2008;1.544495;0.889725975;1.539829448;0.599441003
08/02/2008;1.541895659;1.287426973;1.537101255;1.073801838
15/02/2008;1.455955595;1.578822347;1.451038802;0.986186749
22/02/2008;2.048654882;1.260616355;2.043614735;1.366419878
29/02/2008;2.480024297;1.336054462;2.474889009;1.496546987
07/03/2008;2.67322082;0.77983526;2.667959924;1.319434293
14/03/2008;3.025385824;1.445500313;3.019984234;1.468122241
21/03/2008;3.16842888;0.905955621;3.162911204;1.029885336
28/03/2008;3.101217422;0.986392265;3.095447909;0.969289421
04/04/2008;1.569318226;1.08361661;1.564872602;0.953449051
11/04/2008;1.546756507;1.156807182;1.542166102;1.16533741
18/04/2008;1.353899407;0.977829249;1.34965023;0.768789673
25/04/2008;1.907275317;0.92488011;1.902904597;0.960616979
02/05/2008;1.982482224;1.033177052;1.977955601;1.082400643
09/05/2008;1.51772108;0.881193661;1.513160817;0.978111354
16/05/2008;1.540927101;0.740102778;1.536215141;0.628545647
23/05/2008;1.480325312;0.541866588;1.475438611;0.435310399
30/05/2008;2.028502039;0.826424206;2.023366312;0.597074771
06/06/2008;1.477650454;0.342873904;1.4721417;0.715824351
13/06/2008;2.102926896;0.849476115;2.097169547;0.837129258
20/06/2008;2.137189054;0.856743437;2.131254353;0.919698491
27/06/2008;1.710365844;0.774270441;1.704270524;0.817726501
04/07/2008;1.77169999;0.741632985;1.765425933;0.882625476
11/07/2008;1.170305081;0.450198732;1.163821745;0.524616831
18/07/2008;1.238692358;0.639812559;1.232029517;0.736424913
25/07/2008;1.600524401;0.867130913;1.593665992;1.11417419
01/08/2008;1.056465792;0.434205735;1.049385442;0.693394068
08/08/2008;1.326446688;0.665626549;1.319140058;0.873576645
15/08/2008;1.273557316;0.543103169;1.266090591;0.949165512
22/08/2008;1.164202837;0.428924037;1.156604772;0.811205677
29/08/2008;1.012658914;0.448177839;1.004897164;0.854496967
05/09/2008;1.157536776;0.254483025;1.149548263;0.887609068
12/09/2008;1.322277428;0.765800562;1.314129152;1.105318338
19/09/2008;3.321018174;0.609886744;3.311565129;1.120904736
26/09/2008;2.449666675;1.412307905;2.440100139;1.480621073
03/10/2008;3.318667309;1.424843037;3.30696564;1.890194491
10/10/2008;4.478109791;1.985758363;4.465711191;3.02082244
17/10/2008;4.264270665;2.06445759;4.25178489;2.333727301
24/10/2008;4.347265447;2.231977811;4.334007219;2.916190124
31/10/2008;3.468204463;2.62820415;3.454885178;3.017659427
07/11/2008;0.649386843;2.493214787;0.636101652;2.293264683
14/11/2008;0.70646163;2.584195263;0.693089287;1.900452887
21/11/2008;0.488092969;1.930012971;0.476398516;1.657812371
28/11/2008;0.943388963;1.733454731;0.931689922;2.086363362
05/12/2008;0.352947415;1.699556087;0.340854651;2.308299668
12/12/2008;2.277704789;1.58783864;2.266624711;2.102387366
19/12/2008;2.337775151;1.556480729;2.326333926;2.268776227
26/12/2008;2.567367423;1.509384351;2.555935644;2.583351632
02/01/2009;2.6623324;1.717898182;2.650925904;3.106496739
09/01/2009;2.505011308;2.314597785;2.493552574;4.230034182
16/01/2009;2.999854994;2.043306842;2.988326734;3.507108478
23/01/2009;3.265960488;2.881579482;3.254486089;3.967426937
30/01/2009;3.473600503;2.814023979;3.462083774;4.487766144
06/02/2009;3.206218034;3.291160974;3.194636771;4.674115592
13/02/2009;3.186869948;2.981681231;3.175242992;4.774356396
20/02/2009;3.791877012;2.647259747;3.780075598;4.308317258
27/02/2009;3.095549755;2.96877027;3.083734734;4.935523983
06/03/2009;2.426251772;2.867012784;2.414402005;4.594132675
13/03/2009;2.863267202;2.78142951;2.851322809;4.366031511
20/03/2009;2.473461253;2.43330159;2.461415949;4.337750163
27/03/2009;2.631276652;2.794423357;2.619328761;4.504032018
03/04/2009;2.69740269;2.598113806;2.685486382;4.493116226
10/04/2009;2.984391206;2.866398171;2.972557688;4.653637619
17/04/2009;2.925830072;2.652560143;2.913986095;4.385922779
24/04/2009;2.760921524;2.917668006;2.749037215;4.537172439
01/05/2009;2.897273068;2.822830413;2.88543117;4.299137751
08/05/2009;4.224901722;3.443309058;4.213339212;4.750390249
15/05/2009;4.352861138;3.381241863;4.341357791;4.832784727
22/05/2009;3.996322;3.662101954;3.984745913;5.151916534
29/05/2009;3.855265169;3.544812294;3.84365054;5.670105189
05/06/2009;4.121402084;3.29459266;4.109861614;5.361891602
12/06/2009;4.064644528;3.173842058;4.053053612;5.128320177
19/06/2009;3.857898766;3.293205225;3.846238585;5.220010647
26/06/2009;3.765886355;3.230124755;3.754251367;5.365534026
03/07/2009;3.689072499;3.263252899;3.67741605;5.307738405
10/07/2009;3.369936673;3.064023786;3.35818064;5.256372763
17/07/2009;3.549068778;3.389162863;3.537377379;5.347311011
24/07/2009;3.107654841;3.391617882;3.095813942;4.847172544
31/07/2009;2.759926039;3.070781131;2.747986459;4.494364913
07/08/2009;2.682763115;3.059175161;2.671074619;4.347076853
14/08/2009;2.985152869;3.221902821;2.972698583;4.699334733
21/08/2009;2.795693648;3.00821022;2.783143275;4.421123737
28/08/2009;2.788462645;3.018647516;2.775915962;4.279519196
04/09/2009;2.7685799;3.298959763;2.756033416;4.979208521
11/09/2009;2.728937208;3.270024108;2.716375511;4.708825479
18/09/2009;2.837372207;3.41395067;2.824840759;4.585313209
25/09/2009;2.598281675;3.256272732;2.585704193;4.043067367
02/10/2009;2.18309815;2.970362899;2.170380111;4.531534857
09/10/2009;2.186966826;2.841916802;2.174261514;4.424557197
16/10/2009;2.555224343;2.916744467;2.542628647;4.508320022
23/10/2009;2.602354824;3.035982611;2.58977082;4.207522769
30/10/2009;2.301607975;3.02233296;2.288935194;4.555911275
06/11/2009;2.083550707;3.327357505;2.070797193;4.73358461
13/11/2009;2.255272968;3.416198856;2.242577527;4.736983347
20/11/2009;2.301943198;3.053178485;2.28927602;4.664122236
27/11/2009;1.99135521;3.051709673;1.978632413;4.5643813
04/12/2009;2.456532162;3.01499138;2.443974602;4.504901959
11/12/2009;2.422606226;3.069688993;2.410046617;4.221646406
18/12/2009;2.268847254;3.082220949;2.255189323;4.522678927
25/12/2009;2.262808407;3.436062451;2.249140056;4.579563592
01/01/2010;2.448099579;3.427918422;2.434482762;4.597335544
08/01/2010;3.010736039;3.549242893;2.997325061;4.855621832
15/01/2010;2.908110458;3.476014444;2.894665454;4.972712101
22/01/2010;2.779248899;3.38458711;2.765752546;5.075431433
29/01/2010;2.765311844;3.293622781;2.751808029;3.849823095
05/02/2010;3.091864811;3.449694693;3.078357881;4.108711824
12/02/2010;3.111722109;3.571786915;3.098225841;4.788995717
19/02/2010;3.322234286;3.73301342;3.308802472;4.899668846
26/02/2010;3.259642;3.574082528;3.246202011;4.576759493
05/03/2010;3.002586783;3.739105606;2.989073699;4.815236031
12/03/2010;2.772267716;3.615008816;2.758604652;4.812756561
19/03/2010;2.847573856;3.479645978;2.833936832;5.200689837
26/03/2010;2.895875643;3.61517143;2.882252095;5.0488722
02/04/2010;2.883901077;3.504343304;2.870273992;4.954056904
09/04/2010;2.695904245;3.649352302;2.682231709;4.99988771
16/04/2010;2.728341936;3.621794598;2.714676803;4.936917832
23/04/2010;2.683738394;3.597665278;2.670054729;4.875672212
30/04/2010;2.627483084;3.661191221;2.613770378;3.702081655
07/05/2010;2.692185735;3.559387825;2.674006458;2.323460458
14/05/2010;2.72596101;3.84336521;2.707743945;3.101800195
21/05/2010;1.598340792;3.59076315;1.584440618;3.594709808
28/05/2010;1.308227635;3.774739163;1.294104463;3.532959691
04/06/2010;1.10485919;3.622039185;1.090669557;3.459948216
11/06/2010;1.164115315;3.517911592;1.14992684;3.359529693
18/06/2010;1.217180982;3.671434104;1.202797404;3.360132596
25/06/2010;1.056801233;3.457508794;1.042369744;3.53355134
02/07/2010;0.933883833;3.197532201;0.919435557;3.859419082
09/07/2010;0.844432539;3.08684862;0.829925811;4.858611631
16/07/2010;0.91061833;2.981574365;0.89615324;5.594349135
23/07/2010;0.862301923;3.147015405;0.84779648;4.951130848
30/07/2010;0.774240773;2.858003157;0.75967466;5.155303331
06/08/2010;0.683039051;2.727060145;0.668313777;5.078305975
13/08/2010;0.477322451;2.936654467;0.462326098;5.409290307
20/08/2010;0.214048997;2.703130955;0.199073885;5.476410007
27/08/2010;0.186916521;2.488465672;0.171912229;5.124919334
03/09/2010;0.341928117;2.791819864;0.326990388;4.769803156
10/09/2010;0.7616002;2.685263249;0.747203457;4.424230092
17/09/2010;0.460029148;2.61181735;0.44547248;4.657452987
24/09/2010;0.448673876;2.475059702;0.434105414;4.620360954
01/10/2010;0.405720136;2.133876983;0.39111619;4.703777497
08/10/2010;0.347149066;2.057672528;0.332504718;4.688097934
15/10/2010;1.074877154;2.310426298;1.060558283;4.902231756
22/10/2010;1.155540498;2.149481882;1.141223563;5.198596881
29/10/2010;1.026013674;2.240026806;1.011624182;5.39323677
05/11/2010;0.896093324;2.295203211;0.881599252;5.282584349
12/11/2010;1.00219294;2.33829413;0.987742029;5.373591791
19/11/2010;0.930799221;2.5087529;0.916300315;4.727889659
26/11/2010;1.2817142;2.913932236;1.267582519;4.280082464
03/12/2010;1.247429462;3.290048666;1.233291348;4.417172454
10/12/2010;1.442429261;3.032390031;1.42835661;4.339085897
17/12/2010;1.738047068;3.176593849;1.724186471;4.396228391
24/12/2010;1.213889708;3.351724696;1.20014462;4.643016034
31/12/2010;1.28049228;3.492379451;1.26677587;4.634867071
07/01/2011;1.423980129;3.337400916;1.410313084;4.864110254
14/01/2011;1.481727348;3.197975225;1.468280675;4.909769435
21/01/2011;1.380734368;3.376811399;1.367267169;5.240361556
28/01/2011;1.255536843;3.094964547;1.242003593;5.830037222
04/02/2011;1.471772144;3.081964313;1.458308994;5.686032226
11/02/2011;1.607241625;3.324913313;1.593883936;6.092577498
18/02/2011;1.581429666;3.265854281;1.568025394;6.033232953
25/02/2011;1.582981675;2.771538551;1.569569938;6.034397919
04/03/2011;1.417723531;2.741219817;1.404210232;6.021402947
11/03/2011;1.457793607;2.774586773;1.44428593;6.662193736
18/03/2011;1.461976217;2.686644517;1.44839085;6.416078327
25/03/2011;1.329141326;2.670376529;1.315668296;6.093228435
01/04/2011;1.596722025;2.740619191;1.583281299;5.883558965
08/04/2011;1.723354948;2.826495545;1.709941723;5.728662846
15/04/2011;1.775318319;2.657249731;1.761821801;5.688409516
22/04/2011;1.816854539;2.543758814;1.803369419;5.368509673
29/04/2011;1.483738788;2.462970216;1.47004635;5.53616083
06/05/2011;1.792375144;2.195079776;1.778379504;5.363938406
13/05/2011;1.568116796;2.089224351;1.554002146;5.219887322
20/05/2011;1.714668717;2.061712309;1.700508018;5.237832785
27/05/2011;1.321723782;2.308568349;1.307452208;4.954539959
03/06/2011;1.68077769;2.23214833;1.666659038;5.159717022
10/06/2011;1.844245558;2.360951268;1.829792094;5.961658507
17/06/2011;1.903923939;2.294900753;1.889542697;6.044271237
24/06/2011;1.922159317;2.330175296;1.907662872;5.759873015
01/07/2011;1.855842399;2.195701118;1.841584292;5.700318483
08/07/2011;1.942229421;2.119759716;1.927897207;5.690237001
15/07/2011;1.838418352;2.320264025;1.819688033;5.716361646
22/07/2011;1.702280891;2.210512173;1.684288061;5.652202598
29/07/2011;1.647326482;1.923019717;1.625436708;5.727977552
05/08/2011;1.390199201;2.005908375;1.364372751;5.113770337
12/08/2011;1.778888145;2.352906622;1.753507739;4.726775086
19/08/2011;1.216490082;2.147921981;1.189451251;4.705967601
26/08/2011;1.204963583;2.080827509;1.180681378;4.796632694
02/09/2011;1.283428473;1.998981321;1.259150518;5.006102373
09/09/2011;1.30032323;1.836814074;1.276706768;4.961970633
16/09/2011;1.861201674;1.866096181;1.837962548;5.233251388
23/09/2011;1.70876265;1.845712549;1.68454433;5.197819906
30/09/2011;1.860640739;1.916718482;1.836532624;5.295900683
07/10/2011;1.107620635;2.077313385;1.086009808;5.193445137
14/10/2011;1.621741101;2.493887453;1.600324797;4.922545019
21/10/2011;1.041121934;2.393118486;1.019436728;4.789247978
28/10/2011;0.911497375;2.679619904;0.889624309;4.829474149
04/11/2011;0.772848059;2.127925363;0.751021557;4.578003787
11/11/2011;1.574372716;2.315717107;1.554341693;4.23031262
18/11/2011;2.67361576;2.540087288;2.653839469;3.921631228
25/11/2011;1.002922024;3.564518148;0.982574213;2.737001834
02/12/2011;0.822152683;3.314903517;0.799575821;2.975204122
09/12/2011;1.006778324;3.386828252;0.984351937;3.468596386
16/12/2011;0.764988331;2.898916619;0.742444574;5.938105857
23/12/2011;1.325094771;3.218180168;1.302447781;5.366171099
30/12/2011;0.777449991;2.999811952;0.751278251;5.664301097
06/01/2012;1.095015181;2.962326318;1.068869248;6.663658898
13/01/2012;1.140227946;2.910842519;1.114403632;7.288246832
20/01/2012;0.292445298;3.027637493;0.265993088;8.211923209
27/01/2012;0.201252358;2.843024992;0.174722071;8.231032776
03/02/2012;0.431524172;3.008421034;0.405228;7.633606827
10/02/2012;0.803956107;2.897355701;0.778071325;8.083544963
17/02/2012;0.688111581;2.898897746;0.662123485;8.012423278
24/02/2012;0.636330989;2.888279353;0.610297826;7.830437515
02/03/2012;0.681958644;2.774380292;0.655609664;8.539773752
09/03/2012;0.517310215;2.726824098;0.490768774;8.586434957
16/03/2012;1.317816303;2.929054415;1.291942925;8.84881543
23/03/2012;1.174519486;2.701095754;1.148522317;9.467420882
30/03/2012;1.081771903;2.535329625;1.055698966;9.103292141
06/04/2012;0.90157084;2.491058865;0.875311668;9.250417358
13/04/2012;0.843029324;2.517745916;0.816724533;8.654937795
20/04/2012;0.851063684;2.400509227;0.824847537;8.553308183
27/04/2012;0.711419485;2.30793132;0.685022875;8.57710613
04/05/2012;0.843179631;2.061473508;0.816897617;8.413633382
11/05/2012;0.680005312;1.984222099;0.65359441;8.278746539
18/05/2012;0.898293484;1.939103547;0.872058336;7.960566181
25/05/2012;0.97517656;1.955077993;0.949007598;7.778466875
01/06/2012;0.903029669;1.638367203;0.876823264;6.764029394
08/06/2012;1.433680001;1.822898582;1.407829515;7.132505677
15/06/2012;1.311617746;2.01940741;1.285694168;7.511611409
22/06/2012;1.712647337;2.149645794;1.686981483;6.948640864
29/06/2012;1.487810301;2.200857032;1.462004767;7.359369308
06/07/2012;1.181331038;1.795754087;1.155310881;7.812720803
13/07/2012;1.654484886;1.623937136;1.62881766;8.003725559
20/07/2012;1.649629718;1.372019721;1.623975937;6.805628447
27/07/2012;1.883698915;1.843098439;1.858186779;6.362316689
03/08/2012;1.847317914;1.833689143;1.821792338;9.480607262
10/08/2012;1.938871843;1.818960698;1.913447347;10.42331631
17/08/2012;1.449190266;2.049238547;1.423332088;9.803896794
24/08/2012;1.851167761;1.807653221;1.825682127;9.906304302
31/08/2012;1.869190821;1.782850568;1.843740639;11.26241704
07/09/2012;1.186260315;2.057499868;1.157160051;9.613218935
14/09/2012;1.456756384;2.338525748;1.427829287;8.80605691
21/09/2012;1.136376195;2.209261141;1.107311714;9.064630945
28/09/2012;0.94920211;1.884116839;0.920028983;8.964825372
05/10/2012;0.95793864;1.906678532;0.928775022;8.89976843
12/10/2012;0.947308661;1.841264872;0.91815859;8.934879261
19/10/2012;1.172036415;2.043548047;1.143082145;8.708390614
26/10/2012;1.180240967;1.967846095;1.151304016;8.691796235
02/11/2012;0.80907263;1.845624281;0.77986966;9.037549637
09/11/2012;0.825339739;1.641143023;0.796168229;9.425933132
16/11/2012;0.759142289;1.692919178;0.729918616;9.282568696
23/11/2012;0.968625173;1.943017566;0.939599535;9.062212599
30/11/2012;0.593818965;1.784783202;0.564475256;8.354124768
07/12/2012;0.642134966;1.737113269;0.612830967;8.658528649
14/12/2012;0.41709881;1.839243938;0.387601816;8.718748293
21/12/2012;0.764343315;1.891197881;0.73514481;8.448647477
28/12/2012;0.478692817;1.757947678;0.449262837;8.230961923
04/01/2013;0.626966133;2.079198017;0.597665579;8.746537095
11/01/2013;0.88892698;2.085889489;0.859501779;8.844064968
18/01/2013;0.686139385;1.883447673;0.676339179;8.981109755
25/01/2013;0.611301378;1.911842898;0.60152004;9.274168583
01/02/2013;0.585015707;1.941148049;0.575220631;8.826640309
08/02/2013;0.614989346;1.881612008;0.60496388;8.94441228
15/02/2013;0.653448176;2.054338364;0.643470344;8.802249276
22/02/2013;0.618619847;1.95626928;0.608607923;8.731338125
01/03/2013;0.468348488;1.751359226;0.45823448;8.737421545
08/03/2013;0.550296375;1.928871552;0.540501048;8.44419162
15/03/2013;0.532195887;1.809666308;0.522376852;8.538110966
22/03/2013;0.668751286;1.773957086;0.652988929;8.482220617
29/03/2013;0.587568165;1.562855636;0.571802222;8.895827627
05/04/2013;0.521102996;1.335254139;0.505428414;9.173397243
12/04/2013;0.52527611;1.437844219;0.50950334;8.691881001
19/04/2013;0.267497216;1.417730522;0.251666502;8.702843591
26/04/2013;0.488227851;1.403545925;0.470352914;7.838015192
03/05/2013;0.485759484;1.429216021;0.467891509;8.113333885
10/05/2013;0.452054987;1.637336721;0.433800743;8.334572971
17/05/2013;0.566006659;1.769161325;0.547785303;8.2346915
24/05/2013;0.788584009;1.932611066;0.770567189;8.071168401
31/05/2013;-0.029670931;1.956758422;-0.048117371;8.018343112
07/06/2013;0.696258555;1.788946621;0.678124578;8.005656011
14/06/2013;0.758696079;1.781351386;0.740379463;7.74062138
21/06/2013;0.974904918;1.975970653;0.95673404;8.163694234
28/06/2013;1.35199071;2.158700315;1.333671;7.602857715
05/07/2013;1.315263813;2.204988711;1.296899221;8.123640722
12/07/2013;1.227658074;1.874201383;1.209232945;8.430735285
19/07/2013;1.117769217;1.810277675;1.099288847;8.437771512
26/07/2013;1.26621626;1.946731912;1.247824627;8.120772208
02/08/2013;1.219381287;1.884756999;1.20098889;8.100955875
09/08/2013;1.04655131;1.91382297;1.02786029;7.878242437
16/08/2013;0.946520804;2.241971513;0.92784322;7.544415234
23/08/2013;1.246712486;2.354319295;1.228270297;7.565130728
30/08/2013;1.28390342;2.250134563;1.264681352;7.79709538
06/09/2013;1.296870353;2.437850024;1.277704247;7.783874406
13/09/2013;1.473189653;2.615551522;1.454155883;7.68606591
20/09/2013;1.242742368;2.510106382;1.223538868;7.869906628
27/09/2013;1.024057351;2.23495616;1.004723226;8.068262336
04/10/2013;1.194279604;2.32122426;1.175093552;8.020721236
11/10/2013;1.267522754;2.381590582;1.247497881;8.188749592
18/10/2013;1.241096911;2.331638793;1.221038594;8.492104715
25/10/2013;1.093587746;2.168492715;1.073407102;8.435232592
01/11/2013;1.065331438;2.162482358;1.045130284;8.486562482
08/11/2013;0.874056682;2.2830658;0.853704418;8.822470366
15/11/2013;1.19846319;2.224026731;1.177951138;8.89188703
22/11/2013;1.184595285;2.338647956;1.164130374;8.984349624
29/11/2013;1.094539228;2.191608426;1.074004636;8.949080842
06/12/2013;1.476430349;2.3635769;1.456359202;8.709210439
13/12/2013;1.477786848;2.289431469;1.457729754;8.629078011
20/12/2013;1.581844928;2.433182306;1.561844466;8.615434764
27/12/2013;1.653944067;2.533079437;1.634011851;8.477291793
03/01/2014;1.704979307;2.608665528;1.6850907;8.385702621
10/01/2014;1.887097714;2.358536254;1.867224144;7.213373289
17/01/2014;1.690402992;2.230470847;1.670438353;7.005775743
24/01/2014;1.378534042;2.139069888;1.358459348;7.12371446
31/01/2014;1.314325292;2.206127557;1.294230143;7.197985339
07/02/2014;1.369360036;2.127966758;1.349294555;6.897871075
14/02/2014;1.44017409;2.273895268;1.420165256;6.805108907
21/02/2014;1.384808406;2.184849462;1.364778928;6.846269201
28/02/2014;1.325643972;2.116286964;1.305600903;7.00921403
07/03/2014;1.341929437;2.048098954;1.321819057;6.897846869
14/03/2014;1.253035962;1.850699843;1.232953936;7.068630105
21/03/2014;1.364291459;1.925057165;1.344282481;7.005807479
28/03/2014;1.167217463;1.897699917;1.147081195;6.916239295
04/04/2014;1.067817436;1.894390339;1.047623685;6.946901207
11/04/2014;1.117951085;1.789011497;1.097837081;6.987703363
18/04/2014;0.968230293;1.773168405;0.948002565;6.748629269
25/04/2014;0.863602821;1.693533612;0.843331277;6.614262993
02/05/2014;0.761625107;1.668548325;0.741305526;6.250727439
09/05/2014;0.783166537;1.677001424;0.762859457;6.07948197
16/05/2014;0.599887836;1.637451076;0.579454314;6.375348481
23/05/2014;0.829918632;1.82928001;0.809637112;6.140629839
30/05/2014;0.703152956;1.714557708;0.682817555;6.016902317
06/06/2014;0.66794284;1.735776291;0.647601916;5.927815543
13/06/2014;0.832900626;1.779127521;0.812662471;5.798719394
20/06/2014;0.525711253;1.735238327;0.50540134;5.929359656
27/06/2014;0.170636233;1.550817282;0.149831285;6.061940301
04/07/2014;0.050948903;1.563075071;0.030066354;6.411392467
11/07/2014;-0.015089354;1.465508694;-0.036012238;6.740793271
18/07/2014;-0.241833436;1.383376311;-0.262925169;6.59583113
25/07/2014;-0.201044087;1.311939176;-0.222102286;6.454801861
01/08/2014;-0.142986993;1.33692499;-0.163987061;6.348269658
08/08/2014;-0.510206179;1.117281984;-0.531444169;6.686490534
15/08/2014;-0.25944026;1.053877004;-0.280367337;6.377609876
22/08/2014;-0.202824181;1.125275447;-0.223707551;6.349882271
29/08/2014;-0.228638255;1.037465892;-0.249389327;5.748221849
05/09/2014;0.003913241;1.147724422;-0.016700459;5.140107355
12/09/2014;0.255818469;1.396131247;0.23531811;5.537223189
19/09/2014;0.029625584;1.295011268;0.009042277;5.237943411
26/09/2014;0.093676675;1.13266691;0.073135751;5.166638207
03/10/2014;0.110915834;1.031345478;0.090381946;5.039040688
10/10/2014;-0.072543734;0.876122792;-0.093149152;4.661555497
17/10/2014;-0.083210505;0.805119797;-0.103815437;4.857746151
24/10/2014;0.073568752;0.831252251;0.053051276;4.70866617
31/10/2014;0.133821655;0.812017033;0.113344346;4.439072819
07/11/2014;0.013450779;0.77729494;-0.007078004;4.862106008
14/11/2014;0.234568798;0.762340481;0.214281406;4.948613878
21/11/2014;0.324995548;0.690099347;0.304762329;4.758526391
28/11/2014;-0.259292258;0.52487159;-0.279967546;4.295530334
05/12/2014;-0.23025047;0.628587316;-0.250907233;3.748745968
12/12/2014;-0.146381043;0.353930251;-0.166990224;3.798824847
19/12/2014;-0.033114909;0.364828826;-0.053700804;3.420493729
26/12/2014;0.21688448;0.392999689;0.196403505;3.529954235
02/01/2015;0.641483164;0.222929473;0.621201633;3.331444789
09/01/2015;0.558808319;0.198758237;0.538590479;3.766496737
16/01/2015;0.293870158;0.133375056;0.357506023;3.288805767
23/01/2015;0.958554163;-0.180673934;1.022616766;3.083348797
30/01/2015;0.45981653;-0.271895587;0.592499862;3.253145582
06/02/2015;0.750668166;-0.02823545;0.883350017;3.546281975
13/02/2015;1.033048094;-0.044986771;1.163001282;3.81277314
20/02/2015;1.045050798;0.018447426;1.174989994;3.56565169
27/02/2015;1.089325755;-0.10178683;1.219387906;3.126545694
06/03/2015;0.210645772;-0.024878917;0.339106361;3.085119489
13/03/2015;0.578260403;-0.273676375;0.706987719;2.83183883
20/03/2015;0.392206197;-0.351211875;0.520878094;3.129774281
27/03/2015;0.424800424;-0.316667979;0.553341529;3.617859172
03/04/2015;0.417924147;-0.341868423;0.546446468;3.419113638
10/04/2015;0.505055004;-0.327834312;0.6335459;3.479707204
17/04/2015;0.57695549;-0.501593158;0.70528283;4.365605698
24/04/2015;0.843162872;-0.359096829;0.972410924;4.160072317
01/05/2015;0.740985734;0.047620671;0.866851501;4.260941359
08/05/2015;0.735551815;0.454875412;0.861420779;4.462860381
15/05/2015;0.78939606;0.629889793;0.915279295;4.790881914
22/05/2015;0.698135016;0.510316992;0.825082863;4.963517062
29/05/2015;0.599665561;0.258762723;0.72608504;5.14511703
05/06/2015;0.871588803;1.049606726;0.995621835;6.056495457
12/06/2015;1.053438826;0.983690536;1.177549719;5.827387402
19/06/2015;1.032339622;0.771704567;1.156446925;5.658476977
26/06/2015;1.166090672;1.101892922;1.290262313;5.114304275
03/07/2015;0.973657956;0.93562682;1.097600424;5.332827531
10/07/2015;0.802586781;1.069327069;0.926439312;5.188443793
17/07/2015;0.696791968;0.862617476;0.820639217;5.124100215
24/07/2015;0.429224485;0.692691368;0.556912849;5.17190414
31/07/2015;0.466622551;0.554327346;0.594357957;5.019040954
07/08/2015;0.223628618;0.669702384;0.352111925;5.457475629
14/08/2015;0.150021153;0.681617429;0.278508346;5.478004352
21/08/2015;0.012417187;0.49749408;0.14076828;5.556286243
28/08/2015;-0.085357483;0.748919451;0.042942683;5.428212562
04/09/2015;-0.055040252;0.67471063;0.073288507;5.859762006
11/09/2015;0.082177365;0.616781935;0.211236484;5.872778808
18/09/2015;0.188292672;0.62040931;0.317329014;5.106971947
25/09/2015;0.097758427;0.572272796;0.226781124;5.294736892
02/10/2015;0.035131087;0.327819207;0.163657272;4.855352183
09/10/2015;-0.031208419;0.503363761;0.097319641;4.928398737
16/10/2015;-0.040146943;0.345582879;0.088319818;4.742294427
23/10/2015;-0.075450983;0.349968118;0.052940102;4.454462913
30/10/2015;-0.026682487;0.392756887;0.101769433;4.526059339
06/11/2015;0.213827354;0.781222984;0.34245763;5.061200815
13/11/2015;0.308774447;0.610679238;0.437464923;4.907916078
20/11/2015;0.312412124;0.528118872;0.441116723;4.446868188
27/11/2015;0.236702969;0.534534823;0.365424748;4.158642574
04/12/2015;0.379480446;0.883921934;0.507954479;4.511262781
11/12/2015;0.440932474;0.63133066;0.569449343;4.204074717
18/12/2015;0.542999003;0.663103622;0.671526218;4.299859388
25/12/2015;0.635602978;0.744630578;0.764487537;4.786479835
01/01/2016;0.611282095;0.770451992;0.740172045;4.778568632
08/01/2016;0.61834795;0.629082748;0.747249597;4.722139326
15/01/2016;0.562247534;0.526428316;0.691232375;4.845156305
22/01/2016;0.559187022;0.639525675;0.688203376;4.932937562
29/01/2016;0.306561439;0.362892575;0.435767851;4.346178566
05/02/2016;0.494620855;0.269787689;0.623935397;4.808191047
12/02/2016;0.511989398;0.228274739;0.641327091;5.043881207
19/02/2016;0.433595021;0.254413527;0.562928229;4.959282137
26/02/2016;0.32497491;0.13226728;0.454079693;4.645767554
04/03/2016;0.385368595;0.400591639;0.514517317;4.671021547
11/03/2016;0.545407262;0.194299933;0.674667657;4.334811913
18/03/2016;0.584162655;0.110808539;0.713446242;4.154668455
25/03/2016;0.43997744;0.016609035;0.569203613;4.442814693
01/04/2016;0.190206931;-0.030576267;0.319331552;4.295049115
08/04/2016;0.280537895;-0.062505233;0.409718705;4.505225348
15/04/2016;0.323727817;0.02320805;0.452940419;4.559037169
22/04/2016;0.403405203;0.191600872;0.532797162;4.858252014
29/04/2016;0.371212355;0.259863184;0.500598667;4.875557611
06/05/2016;0.444874396;0.044154591;0.574367505;5.081981401
13/05/2016;0.463690713;-0.014558974;0.593200817;5.117252961
20/05/2016;0.399513749;0.169906143;0.529008571;4.968416462
27/05/2016;0.25601371;0.133095163;0.385443035;4.753492944
03/06/2016;0.209721508;-0.009658052;0.339204833;4.796115185
10/06/2016;0.205508037;-0.115582435;0.334975619;4.592486521
17/06/2016;0.321310186;0.023891247;0.4508556;4.70288202
24/06/2016;0.812153495;-0.114832173;0.941932642;4.840303934
01/07/2016;0.223904354;-0.218744188;0.353508059;4.063862638
08/07/2016;0.254536966;-0.223961113;0.384164035;3.974666668
15/07/2016;0.222146922;-0.179427992;0.351770023;4.11229515
22/07/2016;0.407269281;-0.405348429;0.536977802;3.85843641
29/07/2016;0.079901413;-0.56419301;0.209480445;3.706567465
05/08/2016;0.2763274;-0.393530259;0.406011756;3.607675647
12/08/2016;0.227829882;-0.454306084;0.357508896;3.358820563
19/08/2016;0.217248762;-0.296565031;0.346929207;3.358553733
26/08/2016;0.122931612;-0.368769448;0.252596807;3.487422046
02/09/2016;0.317661162;-0.233898643;0.447403131;3.602532937
09/09/2016;0.439709902;-0.126936293;0.569513254;3.77949184
16/09/2016;0.531003273;-0.127975988;0.660848494;3.765578603
23/09/2016;0.095421887;-0.260534716;0.22506532;3.709358742
30/09/2016;0.395056991;-0.331303729;0.524812724;3.413901141
07/10/2016;-0.039094911;-0.062211477;0.090462538;3.719744965
14/10/2016;0.236673175;-0.01461061;0.366367808;3.912078568
21/10/2016;0.342240887;-0.119147147;0.471993708;3.970285732
28/10/2016;0.457330488;0.178958193;0.58720669;4.046302137
04/11/2016;0.792343462;0.13705454;0.922358616;4.394274865
11/11/2016;1.052171932;0.515209183;1.181165976;4.642025212
18/11/2016;0.822174805;0.575236504;0.951028278;5.06117389
25/11/2016;1.095095389;0.708341843;1.224101767;4.736655439
02/12/2016;1.118766184;0.759536465;1.2477969;4.81750987
09/12/2016;1.226744889;0.945702657;1.35570027;4.784511657
16/12/2016;1.208437824;0.924936777;1.337396092;4.720682953
23/12/2016;1.370390201;0.680499395;1.499453207;4.628846584
30/12/2016;0.925238739;0.606307009;1.054098327;4.841813319
06/01/2017;0.581765087;0.693004328;0.710458458;5.098727754
13/01/2017;0.726058508;0.753635121;0.854827623;4.902008745
20/01/2017;0.840232865;0.777659008;0.969016228;5.056284923
27/01/2017;0.821954031;0.857499083;0.950732386;5.28574386
03/02/2017;0.751333441;0.930793497;0.880082358;5.680504692
10/02/2017;0.693374458;0.798049742;0.822048409;5.819642017
17/02/2017;0.698016158;0.835348538;0.826692115;5.603644362
24/02/2017;0.682942691;0.933731969;0.811619736;5.473576997
03/03/2017;0.745222148;1.053310059;0.874169644;5.491625824
10/03/2017;0.992515931;1.471783441;1.116607803;5.858665353
17/03/2017;0.836436542;1.161911753;0.959759014;6.146687758
24/03/2017;0.804907133;1.016270892;0.928220481;5.612791964
31/03/2017;0.718186908;0.76723007;0.841379748;5.408886286
07/04/2017;0.644891358;0.650794725;0.768065842;5.452276948
14/04/2017;0.618682295;0.713033231;0.741845133;5.670235168
21/04/2017;0.587326374;0.619172617;0.710482814;5.581510214
28/04/2017;0.624446282;0.624600595;0.748411652;5.534254603
05/05/2017;0.734047052;0.732594629;0.858163587;5.197089499
12/05/2017;0.720324083;0.722048206;0.844442743;5.431456566
19/05/2017;0.741733834;0.688343624;0.865814376;5.355659332
26/05/2017;0.63291747;0.599426155;0.756949857;5.250889592
02/06/2017;0.624966725;0.484155722;0.748979096;5.309340688
09/06/2017;0.641236532;0.503824531;0.7652676;4.958417793
16/06/2017;0.688011238;0.374377866;0.812085078;4.905784768
23/06/2017;0.607869341;0.164154107;0.731916779;4.684620117
30/06/2017;0.632694396;0.603958925;0.761648426;4.941102588
07/07/2017;0.645371578;0.909232953;0.773726654;5.364110007
14/07/2017;0.670861684;1.024409252;0.799219988;5.228162215
21/07/2017;0.623875547;0.823574651;0.752143862;4.758994583
28/07/2017;0.66362111;1.021517033;0.79020953;4.844442807
04/08/2017;0.501523061;0.852681789;0.628978136;4.914610794
11/08/2017;0.386716032;0.713622022;0.513717799;4.889620946
18/08/2017;0.427236328;0.776684969;0.55423658;4.949347587
25/08/2017;0.46601143;0.745370253;0.593053793;5.064870486
01/09/2017;0.644618827;0.825448438;0.771769633;5.160372968
08/09/2017;0.54674365;0.693413909;0.673788765;5.19703984
15/09/2017;0.684078323;0.824201935;0.813048131;5.228097906
22/09/2017;0.734747463;0.819186102;0.863845305;5.305181499
29/09/2017;0.820658133;0.816847594;0.949215775;5.224560997
06/10/2017;0.730251963;0.853565004;0.858807432;5.214091781
13/10/2017;0.663515522;0.796537607;0.792072029;5.040442846
20/10/2017;0.742574757;0.886908828;0.871221155;5.310706789
27/10/2017;0.799362228;0.823085064;0.928046895;5.076841423
03/11/2017;0.74154423;0.745265001;0.870268575;4.821706948
10/11/2017;0.740164436;0.827327429;0.868908982;5.011513693
17/11/2017;0.696515619;0.682158036;0.825327429;5.173918827
24/11/2017;0.77151137;0.703890872;0.900381108;4.910949767
01/12/2017;0.647169116;0.550148811;0.775984998;4.747174655
08/12/2017;0.632147402;0.61480187;0.760981952;4.784074502
15/12/2017;0.694777158;0.56910951;0.823662861;4.83229574
22/12/2017;0.561393764;0.630664318;0.691506001;4.674985802
29/12/2017;0.4766188;0.633634873;0.606703015;5.07550152
05/01/2018;0.650890438;0.624293444;0.781084093;5.019999732
12/01/2018;0.838000427;0.666123066;0.960830024;4.661018555
19/01/2018;0.898918879;0.837850007;1.021800736;4.410512945
26/01/2018;1.064803662;0.809922959;1.188531576;4.142720573
02/02/2018;1.199261612;1.106129492;1.323059961;4.186890359
09/02/2018;1.156734863;1.146830152;1.280555907;4.135537066
16/02/2018;1.23940508;0.932344915;1.363273473;4.125090958
23/02/2018;1.060377352;0.854480128;1.18417453;4.5407597
02/03/2018;1.113120579;0.857268634;1.236925601;4.386983645
09/03/2018;1.163905439;0.904270618;1.287669306;4.132051625
16/03/2018;1.138701134;0.797733678;1.26248664;4.00528458
23/03/2018;1.118980956;0.654592126;1.242783744;3.771653306
30/03/2018;1.111671909;0.584366948;1.235311687;3.547846112
06/04/2018;1.048406326;0.5970136;1.172372336;3.716870574
13/04/2018;0.992397453;0.642343234;1.116176095;3.689482945
20/04/2018;0.808042351;0.745642682;0.930877872;3.701258273
27/04/2018;0.608519457;0.739737419;0.73130416;3.730204073
04/05/2018;0.536832629;0.690479886;0.659670132;3.951043336
11/05/2018;0.592208764;0.701875447;0.71510174;3.834326186
18/05/2018;0.514958289;0.743775443;0.637960017;4.317852055
25/05/2018;0.345293375;0.53196774;0.6139099;4.064795775
01/06/2018;0.412004252;0.393669037;0.680624755;4.042397742
08/06/2018;0.312631552;0.608588745;0.579270833;4.184987458
15/06/2018;0.295024102;0.469511055;0.561617879;3.949462121
22/06/2018;0.298350804;0.364439169;0.564941263;4.190158197
29/06/2018;0.191356809;0.278038833;0.457945444;4.163075132
06/07/2018;0.061826591;0.213817383;0.328480336;4.1266892
13/07/2018;0.090331958;0.109610703;0.35728557;4.172677428
20/07/2018;0.110098576;0.326313018;0.377071796;4.268636557
27/07/2018;0.073073917;0.379096829;0.340040193;4.590345116
03/08/2018;0.140258997;0.337273961;0.407262509;4.654670518
10/08/2018;0.09784515;0.240401172;0.364350562;4.644179401
17/08/2018;0.112372888;0.14511797;0.378907143;4.953680263
24/08/2018;-0.073486909;0.207637063;0.192950951;4.780757888
31/08/2018;0.071327658;0.211243397;0.337867785;4.865749846
07/09/2018;0.06067507;0.192565658;0.327177373;4.724044123
14/09/2018;0.123770397;0.293301041;0.390796009;4.635959996
21/09/2018;0.195771031;0.339711995;0.462750169;4.650763521
28/09/2018;0.257685174;0.352579526;0.524459206;4.520840152
05/10/2018;0.251937502;0.554200389;0.518663572;4.637300103
12/10/2018;0.256407302;0.503363588;0.523151611;4.949519122
19/10/2018;0.306633527;0.458829885;0.573301116;5.234202182
26/10/2018;0.165731342;0.314773287;0.431642535;4.959364606
02/11/2018;0.238275226;0.48488725;0.5036337;4.742755251
09/11/2018;0.277397111;0.379477978;0.542821689;4.869416364
16/11/2018;0.249698101;0.332093329;0.515207768;5.039091908
23/11/2018;0.11294554;0.224705763;0.378107868;5.078301737
30/11/2018;-0.051875278;0.08205253;0.213213743;4.6819255
07/12/2018;-0.007167792;-0.082974972;0.257938933;4.536066882
14/12/2018;-0.013495709;-0.065089042;0.251622153;4.422386124
21/12/2018;0.088798057;-0.051876738;0.35402709;4.490862936
28/12/2018;-0.112071795;-0.087728554;0.15303345;4.620899808
04/01/2019;0.046125825;-0.1701658;0.311319427;4.77481465
11/01/2019;-0.035231667;-0.306494626;0.229934139;4.718037675
18/01/2019;-0.073844156;-0.118437152;0.191317611;4.438944674
25/01/2019;-0.133163071;-0.190741857;0.132002206;4.236838171
01/02/2019;-0.358384895;-0.303749879;-0.093222139;4.177444072
08/02/2019;-0.424859156;-0.478216288;-0.159827046;4.12234639
15/02/2019;-0.546465054;-0.525774786;-0.281482741;4.156737644
22/02/2019;-0.507911482;-0.505808573;-0.242896187;3.865068117
01/03/2019;-0.32156385;-0.394431622;-0.056405865;3.804699686
08/03/2019;-0.548935554;-0.515891981;-0.284006528;3.731717698
15/03/2019;-0.457969999;-0.506878489;-0.192976422;4.059887042
22/03/2019;-0.763193108;-0.642711503;-0.498786462;4.000858963
29/03/2019;-0.476759279;-0.697010074;-0.212246749;4.112562198
05/04/2019;-0.32811036;-0.635998992;-0.063398657;3.970198447
12/04/2019;-0.340230851;-0.455465043;-0.075489033;3.668691498
19/04/2019;-0.29854531;-0.496552863;-0.033760855;3.787835209
26/04/2019;-0.397881663;-0.540353998;-0.133139328;3.730424137
03/05/2019;-0.289918647;-0.449064739;-0.02510906;3.610960356
10/05/2019;-0.436877442;-0.58342657;-0.172127735;3.644755998
17/05/2019;-0.412130095;-0.671768973;-0.147391693;3.369768096
24/05/2019;-0.47300873;-0.726659364;-0.208298305;3.200567423
31/05/2019;-0.641740804;-0.88706152;-0.377098828;2.980640519
07/06/2019;-0.568387625;-0.99434638;-0.303705541;2.534870771
14/06/2019;-0.48028598;-0.916567327;-0.215561082;2.300566574
21/06/2019;-0.429612281;-0.946613279;-0.164853443;2.171629409
28/06/2019;-0.490300125;-0.967074184;-0.225547427;2.189186601
05/07/2019;-0.767036507;-1.000707707;-0.502315013;2.063020714
12/07/2019;-0.394778213;-0.874309308;-0.130068928;2.695090079
19/07/2019;-0.624978585;-0.874807799;-0.360483303;2.279596677
26/07/2019;-0.813989673;-1.03364345;-0.549513349;2.395624616
02/08/2019;-0.954662814;-1.142372638;-0.690548471;2.122945058
09/08/2019;-1.098505221;-1.18478514;-0.834438738;2.211657074
16/08/2019;-1.459706326;-1.170196528;-1.195861155;2.026328069
23/08/2019;-1.097632195;-1.34759807;-0.833625769;2.059445593
30/08/2019;-1.26334979;-1.286322244;-0.999385338;2.169171258
06/09/2019;-1.132314593;-1.319200166;-0.868283838;2.288385674
13/09/2019;-0.849153035;-1.334155019;-0.584493641;2.0149505
20/09/2019;-1.080658132;-1.379361154;-0.816141044;2.231172963
27/09/2019;-0.976702582;-1.400621899;-0.712136072;2.009359645
04/10/2019;-0.932780009;-1.431344836;-0.668188733;1.951527027
11/10/2019;-0.75022539;-1.252943116;-0.48541143;2.022189738
18/10/2019;-0.774007863;-1.205330843;-0.509193275;1.91826773
25/10/2019;-0.765272149;-1.195491278;-0.500445213;1.975540011
01/11/2019;-0.832132168;-1.215559849;-0.567316218;2.164069882
08/11/2019;-0.77139966;-1.036115982;-0.506610523;2.317111921
15/11/2019;-0.55414949;-1.165379291;-0.289336554;2.568706374
22/11/2019;-0.968728668;-1.095811389;-0.704003875;2.533454911
29/11/2019;-0.818910309;-1.112189961;-0.554116031;2.607490569
06/12/2019;-0.946703376;-0.782674047;-0.681945057;2.771530427
13/12/2019;-0.80084342;-0.942421526;-0.536025184;2.499840276
20/12/2019;-0.882898055;-0.807821033;-0.618104307;2.604841244
27/12/2019;-0.873010973;-0.825906626;-0.608205344;2.482524069
03/01/2020;-0.849732117;-0.931466492;-0.584915106;2.385534174
10/01/2020;-0.955324197;-0.892862615;-0.690535102;2.556970686
17/01/2020;-0.930873332;-0.869393107;-0.666082383;2.629757095
24/01/2020;-1.227991915;-1.095338829;-0.963364202;2.485799068
31/01/2020;-1.115901487;-1.18934223;-0.851226761;2.246474085
07/02/2020;-1.056585796;-1.140270423;-0.79188107;2.306403722
14/02/2020;-1.1183874;-1.130797618;-0.853697769;2.373258473
21/02/2020;-1.671325726;-1.132754697;-1.406814568;2.192984212
28/02/2020;-1.280023992;-1.333726512;-1.015399725;2.463533505
06/03/2020;-1.153087672;-1.351655643;-0.888401782;2.28078968
13/03/2020;-0.484524828;-0.876120749;-0.220171896;3.350417933
20/03/2020;-0.158141872;-0.861308655;0.106174874;3.02813758
27/03/2020;-0.296065324;-1.193406522;-0.031847918;3.001919217
03/04/2020;-0.395633242;-1.079632783;-0.131437437;3.273149086
10/04/2020;-0.192258235;-0.85197174;0.07202206;3.308923554
17/04/2020;-0.558398089;-1.005432589;-0.294439891;3.076236495
24/04/2020;-0.657281564;-0.959448295;-0.393366094;3.735744535
01/05/2020;-0.7829115;-1.124018943;-0.519023677;3.539099076
08/05/2020;-0.815316521;-0.96805992;-0.55143933;4.160864999
15/05/2020;-0.670410344;-0.988767296;-0.406443617;4.807824568
22/05/2020;-0.511762054;-1.005099159;-0.247703088;4.20852895
29/05/2020;-0.373859153;-0.972267463;-0.109714648;3.828562617
05/06/2020;-0.077088154;-0.674490858;0.188906596;3.552706602
12/06/2020;-0.34828839;-0.930252917;-0.083032344;3.820128031
19/06/2020;-0.269250755;-0.838815932;-0.003982788;3.604356861
26/06/2020;-0.478114474;-0.973797103;-0.21293616;3.54521775
03/07/2020;-0.269469352;-0.910361459;-0.004201929;3.504895921
10/07/2020;-0.456318415;-0.981295598;-0.191108144;3.35628255
17/07/2020;-0.176367182;-1.003632148;0.089038481;3.367583359
24/07/2020;-0.297603052;-0.994777826;-0.032225357;2.746506435
31/07/2020;-0.404402298;-1.093724695;-0.139033736;2.775199409
07/08/2020;-0.241481825;-1.100284143;0.023949391;2.694576571
14/08/2020;-0.096869913;-1.011867744;0.168627614;2.879555958
21/08/2020;-0.229910871;-1.184575078;0.035542901;2.837566676
28/08/2020;-0.271728297;-0.977446009;-0.00627232;2.967332977
04/09/2020;-0.323453211;-1.075405423;-0.057986634;2.978418155
11/09/2020;-0.168790358;-1.084696475;0.096737841;2.774374636
18/09/2020;-0.228306897;-1.082173456;0.037213323;2.85872385
25/09/2020;-0.33330052;-1.195810229;-0.067807694;2.692011649
02/10/2020;-0.252609224;-1.180311215;0.012920574;2.708742158
09/10/2020;-0.24775405;-1.204752373;0.017784691;2.609183197
16/10/2020;-0.216736987;-1.273224761;0.04881369;2.513873071
23/10/2020;-0.275947671;-1.221151184;-0.010409187;2.680660173
30/10/2020;-0.670236206;-1.256160217;-0.404812558;2.565393304
06/11/2020;-0.459036815;-1.300139292;-0.193535054;2.467758859
13/11/2020;-0.438432228;-1.233727775;-0.172901138;2.398610741
20/11/2020;-0.31265461;-1.256284233;-0.047076881;2.312495853
27/11/2020;-0.360174614;-1.240468614;-0.094603833;2.3284236
04/12/2020;-0.482393002;-1.183622569;-0.21685377;2.378647016
11/12/2020;-0.544213071;-1.314723274;-0.278709318;2.321546115
18/12/2020;-0.49135535;-1.286957487;-0.225826126;2.430517526
25/12/2020;-0.47456974;-1.296105902;-0.209022919;2.545059534
01/01/2021;-0.478961279;-1.32342876;-0.213409703;2.376798133
08/01/2021;-0.5446047;-1.241846471;-0.279066549;2.181477135
15/01/2021;-0.536482703;-1.287240616;-0.270934251;2.100751369
22/01/2021;-0.486643852;-1.265229588;-0.221070627;2.230355298
29/01/2021;-0.424636169;-1.276727154;-0.15903963;2.177180736
05/02/2021;-0.22723398;-1.134363462;0.038463191;2.218051963
12/02/2021;-0.182154979;-1.144368085;0.083561706;2.334601939
19/02/2021;0.012538941;-0.933521515;0.278477453;2.714307201
26/02/2021;-0.267665228;-0.778850471;-0.001879;2.883960545
05/03/2021;-0.004629205;-0.867502633;0.261214465;2.840429206
12/03/2021;-0.084607058;-0.893288971;0.181235546;2.391906059
19/03/2021;-0.185675759;-0.891663426;0.080147161;2.464486414
26/03/2021;-0.322340984;-0.973969008;-0.056543282;2.496258125
02/04/2021;-0.304693776;-0.951530269;-0.038879422;2.368189826
09/04/2021;-0.172417045;-0.903612663;0.093408331;2.725188165
16/04/2021;-0.188443734;-0.829781156;0.077394444;2.518694003
23/04/2021;-0.181723853;-0.794501759;0.084136737;2.526982515
30/04/2021;-0.0960921;-0.701485572;0.169679759;2.812924666
07/05/2021;-0.110155328;-0.723406922;0.155620082;2.973745168
14/05/2021;0.166729975;-0.531933766;0.432612055;3.168802897
21/05/2021;0.143910904;-0.474085729;0.409795865;3.076684671
28/05/2021;0.139616169;-0.610985745;0.405509918;3.042108661
04/06/2021;0.27751131;-0.684027022;0.543465051;3.046836266
11/06/2021;0.033488922;-0.804316318;0.299148171;2.83277699
18/06/2021;0.001355548;-0.64094487;0.267014389;3.078491519
25/06/2021;0.111606948;-0.60778681;0.377311407;2.845215125
02/07/2021;-0.111725696;-0.773031224;0.153856735;2.775824172
09/07/2021;-0.14959248;-0.869044158;0.115946358;2.789234018
16/07/2021;-0.298549777;-0.999314208;-0.033053783;2.718618372
23/07/2021;-0.342889201;-1.053182235;-0.077409754;2.567805303
30/07/2021;-0.328286833;-1.095805407;-0.062796891;2.609967406
06/08/2021;-0.354732006;-1.087018005;-0.089242537;2.601306806
13/08/2021;-0.636237914;-1.12019993;-0.37089154;2.564198265
20/08/2021;-0.400151455;-1.148771791;-0.1346797;2.531646435
27/08/2021;-0.355072686;-1.011996832;-0.089562236;2.97555833
03/09/2021;-0.273890924;-0.956537994;-0.008341068;3.035525832
10/09/2021;-0.178034503;-0.891061775;0.087544191;2.946069424
17/09/2021;-0.151537641;-0.791345114;0.114172534;2.727855026
24/09/2021;0.056156463;-0.692416012;0.321808838;2.813691148
01/10/2021;0.019266538;-0.670934562;0.284911083;3.041582602
08/10/2021;0.169946173;-0.54963646;0.435251772;3.129449806
15/10/2021;0.135101861;-0.617688684;0.400403828;2.890928154
22/10/2021;0.138525062;-0.530168815;0.403731582;3.280146305
29/10/2021;0.197156844;-0.566842703;0.459472978;3.47733015
05/11/2021;-0.060138432;-0.628949326;0.201656486;3.069059034
12/11/2021;0.047420947;-0.525365899;0.309242675;3.128230133
19/11/2021;-0.02923573;-0.704860528;0.232491073;3.238549138
26/11/2021;-0.106434447;-0.773768933;0.155257091;3.223718765
03/12/2021;-0.202560376;-0.932642813;0.059038814;2.963704583
10/12/2021;-0.26922017;-1.008570801;-0.007628236;2.697190502
17/12/2021;-0.33745918;-1.047209264;-0.075883379;2.555625151
24/12/2021;-0.17096369;-0.836181933;0.090794646;3.35932097
31/12/2021;-0.086388788;-0.779125421;0.175365236;3.485838864
07/01/2022;0.126318396;-0.527545243;0.365757146;3.47721522
14/01/2022;0.097430603;-0.555551747;0.336846815;3.153916872
21/01/2022;0.047290163;-0.489372698;0.286635245;3.266208377
28/01/2022;0.131943877;-0.462230225;0.371125362;3.544823978
04/02/2022;0.744315339;-0.41153666;0.979536155;3.854489218
11/02/2022;0.748129615;-0.112497044;0.983477749;4.320927419
18/02/2022;0.25465051;-0.081916771;0.490862667;4.457773375
25/02/2022;0.263022288;-0.417126921;0.499240773;4.107322475
04/03/2022;0.151449096;-0.406801915;0.393178412;3.901057963
11/03/2022;0.066218463;-0.211661346;0.304473747;4.207130289
18/03/2022;0.282145731;-0.076854412;0.520442155;4.431039028
25/03/2022;0.488544657;0.056193138;0.728065867;4.538630047
01/04/2022;0.420857589;-0.174447063;0.660348779;4.497204552
08/04/2022;0.491816455;-0.069815665;0.727620823;4.735069558
15/04/2022;0.910851722;0.039262191;1.146582607;4.583836974
22/04/2022;0.561281879;-0.032973783;0.799353354;4.934114275
29/04/2022;0.293624517;-0.121649497;0.53159388;4.890052201
06/05/2022;0.831911576;0.163785074;1.069678595;5.05147475
13/05/2022;0.584072506;0.18579173;0.821721615;4.940561816
20/05/2022;0.277035101;-0.151715239;0.516150831;5.055577321
27/05/2022;0.463254047;-0.129405577;0.702484753;4.970554475
03/06/2022;0.626968969;0.155382491;0.867438275;5.731825826
10/06/2022;0.327255918;0.269480026;0.567949836;5.987702326
17/06/2022;1.082366305;-0.055205064;1.324159713;5.303351588
24/06/2022;1.533553712;0.054525227;1.774346683;5.202929702
01/07/2022;0.708042022;0.087403222;0.968927815;5.022166638
08/07/2022;0.95296641;0.378423045;1.213993781;5.577948013
15/07/2022;0.622199565;0.107667947;0.883922799;5.351536816
