Date,rent_CH5YRetCHF_Acum,DE5YRetAcu,CH5YRetAcuCHF,ES5YRetAcu
2007-08-10,-0.17151805917262636,-0.15580825550324867,-0.10456905950174619,-0.05811094422768644
2007-08-17,0.19880825521499887,1.2223356817686946,0.12523954807159704,1.1385475536487173
2007-08-24,0.12990778728371624,1.0237961200613932,0.08329133450370212,1.06540617978307
2007-08-31,-0.01919203323844302,1.0671236372712383,-0.007224953466497866,0.9618271062819704
2007-09-07,0.9725513351778008,1.7833468041720033,0.5933493154139423,0.628778740031827
2007-09-14,1.9952197302945172,1.259121917671456,1.2112392296416998,0.9975368126878494
2007-09-21,-0.12003384200648781,0.40900962530095514,-0.07569668241218011,0.21295303631407422
2007-09-28,0.6231586580835489,0.5586961217219217,0.37159917735350406,0.5681569237313547
2007-10-05,-0.23941980217862963,0.5546266611981041,-0.14904333762253758,0.6024687402660756
2007-10-12,-0.6141994403122863,-0.4283404658118689,-0.3706771075609367,-0.2674147793927457
2007-10-19,0.5367807531745629,0.8870614208431994,0.3242259768997062,1.0769202182153088
2007-10-26,0.2811603377695801,1.0906106426287085,0.1709316209937241,1.3718965853557126
2007-11-02,0.5829156800474274,1.549066987000368,0.3513013690320592,1.6132253621696442
2007-11-09,0.6159363008717585,2.3658051717082764,0.371445053089141,2.1669931410197094
2007-11-16,0.09388953599014684,2.4631901479510403,0.051925477868059886,2.161728974035037
2007-11-23,0.9208236725055663,3.3479752987663365,0.5578478831848244,2.697914479384843
2007-11-30,0.1981182003834239,2.5617958660867446,0.12203057966899677,2.1854717453057493
2007-12-07,-0.7571323052930145,2.047438174065691,-0.45596258276985707,1.6855574715984885
2007-12-14,-1.2140568615975247,1.4261397820497848,-0.7305348136660735,1.3431222696664902
2007-12-21,-0.9421175989293191,1.1382314443181807,-0.5668585231790229,1.4799309571426493
2007-12-28,-1.2009079098825188,1.1679240372786426,-0.7227493319029715,1.2594325416165333
2008-01-04,-0.3247453788071435,2.600735563888151,-0.1832319048245258,2.3577160171399036
2008-01-11,-0.29639171447394574,2.9387629477393715,-0.16582971502056673,2.2943409322026103
2008-01-18,0.5016936222075248,3.3968008582464404,0.33104319775671265,2.840252353325019
2008-01-25,0.8317257144418383,3.9113896108182185,0.5364753808164671,3.262387312998214
2008-02-01,0.7559922898883237,4.083540150560753,0.48921986231386533,3.799104040822229
2008-02-08,1.178595703123151,5.387667408871161,0.7550156585602812,4.635282089391679
2008-02-15,0.5976792491015543,4.9300959560981426,0.39210072614433583,4.478032853163157
2008-02-22,0.2828089499118318,4.278348706123289,0.19740809081963634,3.773061954354822
2008-02-29,-0.12113382271328735,5.327663227140068,-0.0618646257216848,4.923226489692381
2008-03-07,0.2738736605561042,5.629635641630423,0.18716530464847003,4.40216230988828
2008-03-14,1.269898909046088,6.009235593055923,0.8244276233428016,5.105404821982716
2008-03-21,2.9162669093782654,4.5473869122762745,1.8561034281439288,3.679431684253848
2008-03-28,1.7420761571636212,4.911978071226441,1.111907626425252,2.570487632404218
2008-04-04,0.8385812235032425,4.271749880456269,0.5392846342134118,2.324404576478676
2008-04-11,0.8325250841769736,4.50069488392034,0.5354420430207665,2.7611315453720406
2008-04-18,-0.9637091776978164,2.3539162105980114,-0.5747832141244185,1.1679952581828759
2008-04-25,-0.2727958523620025,2.501832049388216,-0.15056563098110423,0.933882826907141
2008-05-02,-0.6125652504326766,1.8590709285721818,-0.3593929810736936,0.9682441876975934
2008-05-09,0.574236908383951,3.2146752808972305,0.3791056353636083,1.9545237713079744
2008-05-16,0.3699693742738053,1.5585215998530086,0.25548755594071937,0.5973715275653677
2008-05-23,0.12727975964815738,0.9171438718204101,0.1051626832184094,0.4201926278103057
2008-05-30,-0.7432097641739119,0.25265108815031595,-0.43245587243074085,-0.004290548048588931
2008-06-06,-0.8727740944626551,0.01919225633037225,-0.5127657293778775,-0.475127251653289
2008-06-13,-1.971792819740391,-1.3515102182255,-1.189195389100838,-2.0523198677928396
2008-06-20,-1.55170980294497,-1.451134344947706,-0.930036938985569,-2.2230636993984785
2008-06-27,-0.6988381389541725,-0.21219872697288608,-0.3968436526923647,-1.1590577478551158
2008-07-04,-0.24820135409684432,0.003220449478041054,-0.11696158080073861,-0.885105883792572
2008-07-11,0.5799413150466207,-0.18551487672803454,0.39239304589341417,-0.7384175479262675
2008-07-18,0.94884489925191,-1.0715968954703934,0.6168167393161091,-1.9640146818542705
2008-07-25,-0.11195212505570992,-0.5006597380220704,-0.04397032290729186,-1.2853362520490175
2008-08-01,1.2761103287089641,0.8776847232681207,0.8112547587987343,0.251090881393377
2008-08-08,1.3765378005862785,1.7891975011220052,0.8735820740898811,1.1026263963673177
2008-08-15,1.9924934975252269,2.153295756343409,1.2563707541539118,1.5398600273324297
2008-08-22,1.4859140740674903,1.7893761589370052,0.9448416269598073,1.1605195663801056
2008-08-29,1.6221541927360308,1.8689879090880575,1.029017618335812,1.0891651445864872
2008-09-05,2.185248423031792,3.2149797398971147,1.3840275478009416,2.0682354941425016
2008-09-12,1.1727554276013408,2.749593787778063,0.7542655804579789,1.3927860718899507
2008-09-19,3.335149066867451,2.5039320575739303,2.0716965524013644,0.09473926814282749
2008-09-26,3.906245725904291,4.1560216207483265,2.431581593847446,0.8412716810360698
2008-10-03,5.201661815564122,5.535055417735473,3.263238187559602,1.5024579175155333
2008-10-10,4.389243415747083,5.303809580810342,2.7350643190188135,0.25227225576255946
2008-10-17,2.3016251925270677,5.053048774080195,1.3284141176617539,1.562315227863259
2008-10-24,3.201498182287911,6.459499286874628,1.9396960437715245,2.234563606839788
2008-10-31,3.777155004036496,6.909139827141291,2.329223815638877,2.499605571671988
2008-11-07,2.2972800272368947,8.12488496687909,1.3169194945398612,4.135700604798493
2008-11-14,2.025125608783288,8.790431711724219,1.137640298814755,3.492975534777577
2008-11-21,4.797843752203155,9.56710258888046,2.916216720024563,3.838277883861741
2008-11-28,2.866480631126186,9.751466339839087,1.657711910382444,2.9884067921111805
2008-12-05,5.723139183497969,10.026186076327246,3.4437653707252163,1.820012659280255
2008-12-12,4.44220570097885,8.664501927412143,2.6320792395032697,0.812585854013233
2008-12-19,5.810955492670868,11.202689472865668,3.5369300313625787,3.2063076706849762
2008-12-26,5.924457283816565,11.553247477294208,3.6126824126776858,3.5274274552317713
2009-01-02,5.2881298313107665,11.685468133408763,3.1870254861866893,3.639274776410288
2009-01-09,4.978828500220509,11.200018402213384,2.98110371829148,3.032511533967622
2009-01-16,5.653381394771907,11.408676494841325,3.4249092254407754,1.1680452907911418
2009-01-23,5.789696877638647,10.534509362804597,3.513706372080344,-0.9686253583476042
2009-01-30,5.983653361717015,9.131228748931312,3.6444046227885174,-0.770598253837006
2009-02-06,6.56715869277947,9.651694546786494,4.038274700024162,1.1502882256711626
2009-02-13,7.323735691644052,10.722528509250328,4.544676217877437,1.7222175424433699
2009-02-20,6.7354373528604015,10.858877439927005,4.147218557318231,1.3144320093995736
2009-02-27,5.716445043044096,10.445635059804054,3.4587757360318854,0.8178299767320045
2009-03-06,6.684576905258013,11.452414399126859,4.125005807796633,2.443550261261931
2009-03-13,5.977803133917033,10.13247045105858,3.6646637729815357,1.8974260338686344
2009-03-20,7.273279846294447,10.21005376925186,4.510909919478356,2.6876154316373664
2009-03-27,6.465691363247931,9.476520187273017,3.9744893324559984,3.1082571565782047
2009-04-03,5.707210487278105,8.82010335502107,3.4741123013517456,3.210546429330557
2009-04-10,5.8932488776274115,9.046678012686504,3.596495370528774,3.4559797761946998
2009-04-17,6.251677553164122,8.667506705097827,3.832039197186665,3.4473457864986585
2009-04-24,7.076691219615769,8.776179180313171,4.380002476390149,4.15556872334957
2009-05-01,6.495911935986949,8.74718874413196,3.9896642237920834,5.044777142764146
2009-05-08,4.985020861260986,7.749254841491093,2.9742179650386604,5.3659403623218545
2009-05-15,5.243379897950726,8.055067194594539,3.1440172465875675,4.972496167154951
2009-05-22,4.825208398996995,7.2585134695929785,2.8721171936996917,3.4711241593716307
2009-05-29,4.229978961140683,6.58469599038504,2.4790405847108805,2.796283961994971
2009-06-05,4.152280663844744,5.820917743409569,2.4281221301449376,2.0945628710348667
2009-06-12,4.140077386539168,5.966369048892403,2.420006174380633,2.644020799881255
2009-06-19,4.713949119149258,7.229829785934588,2.803728066593901,3.796909661998313
2009-06-26,5.090330910168051,8.409337485880165,3.0550035766820915,5.72910293129556
2009-07-03,5.392307278820288,8.783613439972648,3.2507100785127188,4.365950022879873
2009-07-10,5.636858551726309,9.093075089035624,3.412216218243985,4.514768686957613
2009-07-17,5.411279328118128,8.403536805876318,3.264005962964193,4.102716457368576
2009-07-24,6.147008278693345,7.7366502908260095,3.750081662147207,5.145802591759236
2009-07-31,7.611730611590558,8.356542909390914,4.7112724634637395,6.049869372369368
2009-08-07,6.930359633126427,6.548264651405653,4.269948456350459,4.904083586769615
2009-08-14,7.784961291717446,8.118821441994992,4.834354166756298,5.989059432515416
2009-08-21,7.405148953852055,8.217918584862522,4.583354061130065,5.9229021030081
2009-08-28,7.557601560675522,8.444112729570538,4.684096915313699,6.1371171826838244
2009-09-04,6.99267692570204,9.013257769942472,4.311303628255089,5.8048834344709626
2009-09-11,6.439143482941764,9.052836831752323,3.9418143385585585,6.426032827332871
2009-09-18,6.311898734756767,8.36949313089212,3.8579413978302046,6.202983751505423
2009-09-25,6.992100335623913,8.399125962403224,4.307539995621341,6.393068453745127
2009-10-02,7.5889754529932745,9.05320608443409,4.700715566046568,6.251373505831732
2009-10-09,7.5449344484441045,8.582371967538052,4.671754892605509,6.109501723274215
2009-10-16,6.563220299547975,8.143886512923004,4.020767323842757,6.114791144730439
2009-10-23,6.353090581848277,7.997976548357948,3.881689632100378,6.181921377471455
2009-10-30,6.963257583273332,8.464958272852824,4.285259174558635,6.524043842273667
2009-11-06,7.364787468218827,8.206657147884107,4.550131653084249,6.396266259617878
2009-11-13,7.574764322769254,8.353037262491931,4.688963856600887,6.306633028870715
2009-11-20,7.448211446562213,8.805056512820634,4.605384909297297,6.145736922393812
2009-11-27,8.272784196898979,9.583638768571175,5.152334101855848,6.520239162755222
2009-12-04,8.418380950652327,8.992265632403766,5.248882473252184,6.68191958547501
2009-12-11,8.425258473450562,9.326739622087935,5.253393559997465,5.926696228054336
2009-12-18,9.79449151320851,9.944821839706904,6.1531621831184475,5.052069820729304
2009-12-25,9.757581194150902,9.217849949324183,6.128443066484838,4.880771695184564
2010-01-01,9.378180178659118,8.337314822513495,5.873021699805003,4.531834820671588
2010-01-08,8.945239995999476,8.036470748474668,5.5785923960474335,4.546706000435033
2010-01-15,9.425633931306528,8.624191461141889,5.902546250050259,4.470926722603956
2010-01-22,9.97390973398769,9.128293867000336,6.266821952520761,2.6272064846381795
2010-01-29,10.085564296799026,9.225495874640272,6.342413955392992,2.2916434613829866
2010-02-05,10.665584046292071,9.7845688532355,6.7302504625888835,0.6975055996309859
2010-02-12,10.860833082130485,9.331147216352395,6.868075095232158,4.323823912901713
2010-02-19,10.659869670197207,8.866758794965717,6.730635011943082,4.310052089621488
2010-02-26,11.41214096662221,9.786272261386323,7.242799318056456,4.42473306010692
2010-03-05,11.714284705264868,9.468622717741445,7.451123085026512,5.506621029883016
2010-03-12,10.92436035755323,9.285702072000976,6.908297366192334,5.0179226854372105
2010-03-19,11.075216729256873,9.54143203133616,7.013156339713852,4.937719430363014
2010-03-26,11.158817828089674,9.015882911638666,7.0719604132604275,5.440699991426676
2010-04-02,10.961834245868197,9.362930069183573,6.9344011804614505,5.303768954177604
2010-04-09,10.87137814896908,9.059342393096339,6.871920940014799,4.567889867562981
2010-04-16,10.961377418241554,9.463699575528969,6.934954451295815,4.995325212010676
2010-04-23,11.269516738816126,9.760595039007626,7.144171168731614,2.6310673560344835
2010-04-30,11.227172128594088,10.438587664269832,7.115318699204304,0.17551338530272745
2010-05-07,12.278820607658496,12.96214372346819,7.802264257214794,-6.892108736907319
2010-05-14,11.808694099170612,12.80450498885527,7.438827776684657,0.9430927533183603
2010-05-21,13.069091659849466,13.876535285519884,8.299980012590837,0.5212652994599254
2010-05-28,12.340896963659619,13.371045633109071,7.798610707056512,-2.0634887513024243
2010-06-04,12.437055240715928,14.397356223171089,7.864519862403214,-6.589634844658009
2010-06-11,12.255873902820994,14.107499866125004,7.73302268217161,-5.6943775244213635
2010-06-18,12.021873214790562,13.19525365352518,7.564056975441199,-6.721193346974205
2010-06-25,12.160817484002287,13.857571925987651,7.667282841234823,-6.173373146370843
2010-07-02,12.405371415212075,13.962608746766477,7.848217242557026,-7.22404652676639
2010-07-09,12.782565918510874,12.868623367287801,8.131957819244004,-6.36426484357984
2010-07-16,12.750697561117835,12.682470800083973,8.107673256638916,-2.90606980034011
2010-07-23,12.457528420828137,12.361332257695608,7.8901222194763205,-2.1305171516095096
2010-07-30,12.457822705525619,12.428701974214327,7.890344538005544,0.46035368483528716
2010-08-06,12.81793179561155,13.33006513353621,8.153061489406555,1.4025075080255969
2010-08-13,13.33262364543883,14.279282842367463,8.524202288860915,-1.6123816838632674
2010-08-20,13.660825515534954,14.430948342510153,8.776272316921192,-0.4383928935434905
2010-08-27,13.481107782107527,14.412245837647369,8.642079033895289,-2.604238660346125
2010-09-03,12.9813000522516,14.388787863991158,8.253430699017006,-1.0576431170993883
2010-09-10,12.016522308936326,14.217982206360373,7.506752220383792,-1.734619470581112
2010-09-17,11.701672884841848,13.956468478890633,7.267568545630752,-1.924540332300301
2010-09-24,12.361821907554306,13.917852485454386,7.762004542697423,-2.1192325505635687
2010-10-01,12.228267516655897,13.591910485053203,7.661555558105679,-1.4363328956598174
2010-10-08,12.365569043947819,14.072739014234752,7.7647379862163435,-0.4806488539377287
2010-10-15,12.404358804485485,13.781071868770765,7.793845655649202,0.10164331610361693
2010-10-22,12.151082825492585,12.55614480269218,7.608174520828012,-0.0921268652291646
2010-10-29,12.174313673991879,12.374930304268096,7.624950895959772,-1.139694060811647
2010-11-05,12.619386644017741,13.522268316358772,7.938262489342812,-5.878556568247436
2010-11-12,12.201877132449418,13.429640934609642,7.6283757088278215,-6.506385564438574
2010-11-19,12.013345237149286,12.03072305904879,7.491704757297408,-8.268892330678145
2010-11-26,11.595741651493588,12.650589254208814,7.192373318452428,-13.364948600569207
2010-12-03,11.236650484966404,12.389749909861017,6.909416658980737,-10.66737604310291
2010-12-10,11.10771941002816,11.527466172577011,6.813653835008133,-14.425689446183965
2010-12-17,10.434500461138287,11.398782452490948,6.2874431437193286,-14.980783181076596
2010-12-24,11.084259639622086,12.199519523640937,6.802081166841202,-14.430774913193837
2010-12-31,10.764399898425197,12.525292628130478,6.546793432295491,-14.999573245498905
2011-01-07,10.929418647445054,12.747061479885069,6.676868969901668,-16.41945807166016
2011-01-14,10.290101130739103,10.369129432731006,6.16043833143949,-12.833789779645207
2011-01-21,10.376624677294506,9.336499667970054,6.228198448115114,-10.486301697864745
2011-01-28,10.206639201864071,9.008379953500683,6.097789268015874,-12.26229494734881
2011-02-04,10.170118524964208,8.569900731722461,6.068506867332757,-8.21869692427352
2011-02-11,10.238801077317525,8.759880282046957,6.1194615437841104,-10.388197712274115
2011-02-18,10.053810421462867,9.07900795440592,5.975876273033715,-10.017755696841453
2011-02-25,10.173898499876605,9.149048092271428,6.06921876008359,-10.665996347661947
2011-03-04,10.174269141304476,7.772053990015334,6.069506530396841,-10.198042975985697
2011-03-11,10.391944353799454,8.466586086245858,6.238669607553742,-9.544476118705829
2011-03-18,10.681500886978135,8.646647161510353,6.470755924835901,-6.872057405590697
2011-03-25,10.324889148396185,8.001565187849849,6.195490004940338,-7.187137049872694
2011-04-01,9.610993925661822,7.197365870076452,5.659084950308508,-8.910951698472822
2011-04-08,8.86713120397801,6.733522159237107,5.085120572653726,-8.258095592599386
2011-04-15,8.935381387592315,7.317467830016238,5.1368213842902195,-10.714994277612545
2011-04-22,9.019905826854554,7.7638981851343125,5.201336497805352,-12.189420443878733
2011-04-29,9.144204405070981,7.885397808586239,5.300157432593644,-10.16602249569109
2011-05-06,9.625802179311066,7.953574996395593,5.6798970615718485,-10.596102865393686
2011-05-13,10.018273200163302,8.714303464158943,5.989997372705228,-10.731905265698277
2011-05-20,9.85026792278293,8.801339426764537,5.858745826230327,-13.82991247587344
2011-05-27,10.362850860991717,9.781324719868634,6.282172066547668,-12.955218173796744
2011-06-03,10.617019232401592,9.043062246474982,6.494177711141025,-10.977450064855155
2011-06-10,11.41638533657794,10.145618384968914,7.132510092602923,-13.73633074776575
2011-06-17,11.654546452612154,10.389194506403983,7.326201428312033,-14.813075027861307
2011-06-24,11.720837546329893,11.484921981791608,7.381017730158962,-16.936831706277935
2011-07-01,11.656563136857828,9.559688475861634,7.326461978187919,-12.507257627768322
2011-07-08,11.886448836524785,11.453346044923995,7.511251780224191,-16.432725331277002
2011-07-15,12.435882819906585,12.468295442297949,7.95904998640602,-21.95856032731639
2011-07-22,12.586917906193312,11.420129432406691,8.093415517594197,-17.108269701842943
2011-07-29,13.670617376178877,13.219981864600435,8.989945439876326,-22.70332047166434
2011-08-05,14.044280030787622,14.572180717075875,9.324360253136298,-24.287189395386648
2011-08-12,13.399933427489058,14.698064683141775,8.672317564621782,-12.794350421649067
2011-08-19,15.038779658318713,15.913321229063904,10.094421195438075,-13.344508704470657
2011-08-26,15.28887960041052,16.075436088897913,10.308678162905201,-12.98341522636216
2011-09-02,15.185866391369016,16.87695349665747,10.218211799236592,-14.801559615054321
2011-09-09,15.20113511472244,18.15702506162134,10.230699539270914,-16.073040456207124
2011-09-16,15.051350929708788,17.261309714306034,10.10707746078831,-16.495866016548884
2011-09-23,15.976631636236203,18.086230676800568,10.863538621096636,-15.835793398791962
2011-09-30,15.833451721816767,16.33961753191143,10.74415978223826,-14.653908762058082
2011-10-07,15.732742235923816,15.846006277214727,10.661791676366576,-13.32053135902029
2011-10-14,14.805974339432776,14.903342113222672,9.918359794148119,-14.749318489308376
2011-10-21,15.025604923493004,15.339472579878379,10.091979473773236,-17.66480221539026
2011-10-28,15.388052364095953,15.270411145281296,10.390063502693652,-16.947990110808664
2011-11-04,15.877839123980786,17.762160683109414,10.775943486014098,-20.459019936787826
2011-11-11,16.057048900975097,17.429711531804323,10.915973851507347,-23.510865033919053
2011-11-18,16.29815260223192,17.537975135206278,11.10120045681571,-28.149055990145488
2011-11-25,16.117404134497033,16.240274292027983,10.96137348782066,-32.97483267494847
2011-12-02,16.268943451332966,17.457104368735482,11.097290926076173,-22.145454582655212
2011-12-09,16.954539880013172,17.374074789914435,11.639374936586599,-23.888249974998054
2011-12-16,16.6766717925484,18.574971396915807,11.397134853173048,-17.788623599529114
2011-12-23,16.55698039770828,18.2194956598743,11.29869084384734,-17.380275270203967
2011-12-30,16.43058206059909,18.912636960613256,11.191773895532554,-14.801077599775773
2012-01-06,16.008344421600757,18.59238955156987,10.866991817261884,-21.647704835138175
2012-01-13,16.022391545878705,18.647209429691625,10.879383140690242,-15.161990257884078
2012-01-20,15.632198123001658,17.579316078362048,10.553751391920235,-14.677918970713067
2012-01-27,15.514749394101376,18.106999084047914,10.450705086000635,-8.975808360383937
2012-02-03,15.51988006081454,17.34401764451681,10.4548869644721,-10.592134683704867
2012-02-10,15.386805807046812,17.34418660957473,10.347487462726447,-13.122834662365904
2012-02-17,15.556318836404255,16.984773052653473,10.487843356428407,-12.960685746449565
2012-02-24,15.356620826703137,17.348572326094892,10.31865875995755,-11.045535591266946
2012-03-02,15.705785631699328,17.63709164772973,10.6117426739276,-9.43475749296993
2012-03-09,15.761160052822975,17.77139411831591,10.657282414612952,-10.208549797353163
2012-03-16,14.847250978554449,15.894153459098487,9.900986741337453,-11.162102976476133
2012-03-23,15.194161272136851,17.091271806352207,10.179460576601276,-14.164283302398458
2012-03-30,15.357846449553271,17.7680385718329,10.312519136079985,-16.16172052270547
2012-04-06,15.81057814888444,18.34805133007603,10.673137425835648,-20.152447546000225
2012-04-13,16.06864548710165,18.610227644691104,10.880609863893946,-23.236978193328856
2012-04-20,15.709170546225224,18.689582766415672,10.577413198996926,-22.162501862721047
2012-04-27,16.009163041604822,18.724280878223514,10.826507545444187,-22.190832203189395
2012-05-04,16.317797691630293,18.90655400696356,11.083256708924166,-22.024682319939885
2012-05-11,16.338396044457898,19.28062306973694,11.099888738192192,-25.034454134595794
2012-05-18,16.627628839451976,19.673612889092905,11.331780944285066,-28.52106767502458
2012-05-25,16.90642792619726,19.594227432318384,11.560146442485161,-29.922002066647416
2012-06-01,17.30203653534387,20.44898988468985,11.868527636457507,-36.014047616073775
2012-06-08,17.259369897097585,19.62053214717146,11.831374780521845,-31.473347921238734
2012-06-15,17.836473527437008,18.973601157409572,12.278665340369352,-37.9721531900451
2012-06-22,17.788998824006583,17.928641571074216,12.237341240327309,-33.47495507388791
2012-06-29,17.434049512372898,18.233808840359274,11.939139589581634,-32.876872219249414
2012-07-06,17.59199409055335,19.816811387474136,12.061972993641753,-39.36044550801648
2012-07-13,17.78565497316707,20.083646008769016,12.227506592902966,-36.53382378211233
2012-07-20,17.752615917170143,20.300415566873646,12.202665997344292,-46.25841023538369
2012-07-27,17.549951597618314,19.06670556447985,12.024487817232577,-40.85716953080727
2012-08-03,17.657353566237404,18.967512123590673,12.115634412214353,-38.84150121467287
2012-08-10,17.47588553785102,19.17526655711243,11.961893770075763,-37.24859679763825
2012-08-17,17.365384865928082,18.669122798108116,11.866187568322594,-33.327834520082746
2012-08-24,17.84465372517099,18.79274748638253,12.261917217118253,-33.76949925997065
2012-08-31,18.119847469934076,18.827449434201295,12.486234053856931,-35.65359155466652
2012-09-07,17.52158016467003,18.1422997752181,11.928723682813247,-23.525342607558954
2012-09-14,17.62665478243421,16.389996447436122,12.013377234490951,-25.394521359206774
2012-09-21,17.309128221805082,16.754500317499836,11.750372150460981,-25.35202817185655
2012-09-28,17.370989001351905,17.68512717075255,11.800482667712313,-27.44857636334391
2012-10-05,17.32706923579082,17.071482599309732,11.762858848566022,-23.747424792053515
2012-10-12,17.52524291179973,17.48949502748507,11.927699474274279,-23.01717887695862
2012-10-19,17.309116047207173,16.809937689733527,11.743658392781633,-20.255235743969617
2012-10-26,17.46995847142716,17.41786083532992,11.873389817825785,-22.613850845948605
2012-11-02,17.46487205799493,17.909838050916967,11.869201977022183,-23.241036710695436
2012-11-09,17.588640740834528,18.488700556091555,11.970000743031706,-24.923883022139634
2012-11-16,17.593742362085973,18.63224541946351,11.974190252617811,-25.96376223081584
2012-11-23,17.43639029595228,17.996871988855116,11.839793294033143,-23.266372170985438
2012-11-30,17.676484371266664,18.04649478294695,12.041797322179468,-21.67845859712354
2012-12-07,17.887936550915594,18.574030421290576,12.213929748379723,-23.172074587601966
2012-12-14,17.35030814342814,18.381282875057956,11.761336509677012,-21.93892733472544
2012-12-21,17.39530562822546,18.272502650427906,11.799314660211367,-20.02870514268584
2012-12-28,17.385100774141257,18.70680322486489,11.790887186068973,-20.359430437404434
2013-01-04,17.409894795627125,17.071053063205763,11.812029762496461,-17.32801134267817
2013-01-11,17.013306290526415,16.611166192660377,11.475179127473522,-14.138498878444118
2013-01-18,16.331977253290507,16.886244568433256,10.94029431239307,-16.99929478940656
2013-01-25,15.980910887327209,16.32423558422286,10.65476800465375,-15.868933118393523
2013-02-01,15.865305164633448,16.52515060173364,10.562298783190418,-16.93694462165712
2013-02-08,16.565132291032498,17.040325917393794,11.120017797185294,-18.68739636420068
2013-02-15,16.512292016854314,16.8902766654114,11.076119858650216,-16.46491275737307
2013-02-22,16.892756967829627,17.438751902713946,11.384024195922931,-16.941151943753983
2013-03-01,17.054533541814923,18.315339076396217,11.515665528456426,-16.884414498975868
2013-03-08,16.59215899370412,17.688621254910824,11.128897275059435,-13.811720070829487
2013-03-15,16.680392017893187,18.154942270146954,11.199433810019377,-15.571901506959053
2013-03-22,16.846397573112295,18.650304539487635,11.335783237895376,-15.065515019673946
2013-03-29,16.999905130725846,19.351462500677783,11.458881407755191,-17.35378733576372
2013-04-05,17.244421035159192,19.020854475077716,11.66544097397425,-14.586938862391623
2013-04-12,17.27631151617736,18.813404423028796,11.691865678556798,-13.801592737891754
2013-04-19,17.414863740382287,18.541604128305707,11.806045215951817,-13.312793224766137
2013-04-26,17.691718756832277,18.526842175674844,12.034506345524749,-11.7465586553357
2013-05-03,17.58756111237697,18.279728243069233,11.946694332618073,-8.47714223961239
2013-05-10,17.33882528475427,17.688107029071,11.748930638257562,-9.844737256651506
2013-05-17,17.537852954341233,18.098479613561125,11.907394872426824,-10.322520644801298
2013-05-24,16.681255895784403,17.797285670869247,11.229341975863251,-12.598044669100597
2013-05-31,17.01420153678044,17.540622437348034,11.49869514265529,-11.93066891057235
2013-06-07,16.415845136430622,17.192193541415378,11.016222625468375,-12.668921538128535
2013-06-14,16.779615390041926,17.51495392984715,11.308809027590065,-13.529205678299798
2013-06-21,16.570244993939877,16.152660254421747,11.140012369011238,-14.854611982411347
2013-06-28,16.31026942178408,16.467534231927573,10.926583490883228,-14.174284069412938
2013-07-05,16.315746091845714,17.014405415277587,10.93107173317616,-12.795072995935984
2013-07-12,16.42722976105852,17.614614673658036,11.02000677182853,-14.026810902586055
2013-07-19,16.7219310813281,17.775819099835395,11.260212903833711,-13.040517949672662
2013-07-26,16.66242316421306,17.027207266946427,11.211271756661784,-11.68442261213818
2013-08-02,16.547940499681665,17.03745501484046,11.117777341269608,-11.001718739642413
2013-08-09,16.709115848991626,16.85529670990971,11.247008842946483,-12.17173893154825
2013-08-16,16.834069959761813,15.98045427590047,11.349627849335238,-10.642845032033618
2013-08-23,16.404283963041955,15.608046427709521,11.00130277531715,-11.061002853232521
2013-08-30,16.87828297169943,16.01030071529739,11.380515399135042,-12.364669034298245
2013-09-06,17.05952939258548,15.066907448172264,11.527988309742282,-11.648017580504332
2013-09-13,16.780539881693876,15.067095916324286,11.300084118635157,-10.910324270451431
2013-09-20,16.89904269870254,15.333964157959585,11.398401017346103,-8.678920454051328
2013-09-27,17.027086350618195,16.09006469452738,11.501116135678036,-10.30991861952078
2013-10-04,17.032549187231563,15.883502392876846,11.505621285917533,-8.86839963874151
2013-10-11,17.221745468557984,15.8442878175838,11.657436796456578,-9.618670007501633
2013-10-18,17.219609787488693,15.989920033734956,11.65568810111751,-8.580535404313611
2013-10-25,17.252308589632957,16.153506184643575,11.682503474586783,-7.520567397038175
2013-11-01,16.933851158618918,16.643727170184942,11.420259869964296,-6.498041199166749
2013-11-08,17.151064405007407,16.457926327255226,11.59625507719493,-6.581761919686446
2013-11-15,16.81689736021097,16.619766407724985,11.322605361950577,-5.724246459443135
2013-11-22,16.98562248302649,16.25538294395232,11.460739106850191,-4.968132436406554
2013-11-29,17.21015139057599,16.42069472111431,11.640394319224956,-6.293584756150408
2013-12-06,17.295966139551883,15.464728006040538,11.710232817650992,-6.774273544919111
2013-12-13,17.338271021257043,15.239160705578897,11.745161562072134,-5.845414813579148
2013-12-20,16.972343921927028,14.895344004405592,11.446103120839522,-6.030178178847852
2013-12-27,16.926524595260236,14.435362061533924,11.408881127488577,-6.552571064037122
2014-01-03,16.94737790641033,14.651291294119272,11.426431608173557,-3.015632851200962
2014-01-10,16.482923715159703,15.33923553878612,11.045769316444757,-2.2631444122763273
2014-01-17,16.946939923715224,15.31086132840835,11.422078586627979,-1.9740529838370433
2014-01-24,17.33355983271036,15.977043063494623,11.734152718220994,-2.947143878899675
2014-01-31,17.67362330545271,16.507857793134153,12.01372918514039,-2.2019530816752346
2014-02-07,17.184881722939732,16.35455002643418,11.608889132208837,-1.2246346147748695
2014-02-14,16.91643920087719,16.184536422460233,11.389149002244784,-1.414669635526266
2014-02-21,16.936142962979055,16.285829006774083,11.405323760608722,-1.3311448461059214
2014-02-28,16.93409270268064,16.26493858640761,11.403620608331574,-0.48582041481962546
2014-03-07,16.807293163845667,16.23082930219861,11.298772713309011,0.1224637965475489
2014-03-14,17.07582558304241,16.629645591216914,11.518679260499425,-0.3241057941032446
2014-03-21,16.860318684115573,16.089123930946915,11.33991450194708,0.4465876315924179
2014-03-28,17.18534909731274,16.458926324308763,11.607876093381174,1.212685289672009
2014-04-04,17.359437856790212,16.414653167457324,11.751851111488243,2.4201260589843194
2014-04-11,17.332761200387882,16.580959064181762,11.730068833198908,1.6884919060794312
2014-04-18,16.427659857199732,16.464522892655133,10.97670362570952,2.4707234810020755
2014-04-25,17.0037949987481,16.61969170655556,11.447980622561213,2.6545242964865987
2014-05-02,16.922958843135586,16.85773755617685,11.381579860920667,2.6375389525023594
2014-05-09,16.910268363674177,16.631057659625156,11.371115402206176,3.2271479642586423
2014-05-16,16.657339729121226,17.159936993893613,11.164762891173599,2.718621012352778
2014-05-23,16.337644285316333,17.079527112970645,10.904176771449277,1.983886360062686
2014-05-30,16.556318630210125,17.284994069712706,11.084982872806188,3.039303760525151
2014-06-06,16.603244280199476,17.417778859472392,11.124409996163099,5.5005647431430145
2014-06-13,16.314853785870156,17.1625292647111,10.888515589172762,4.975741954116135
2014-06-20,16.40166643104982,17.175988947882797,10.959166930963674,4.089679446388968
2014-06-27,16.24007894689632,17.331519460733567,10.824895251817054,4.997946859066511
2014-07-04,16.467636155875685,17.535882753189213,11.011487021479049,4.893248541126619
2014-07-11,16.587551854521724,17.766119730126444,11.109344078902433,4.058513589336026
2014-07-18,17.01124991261793,17.71677246858518,11.462013288291766,5.546883522129816
2014-07-25,16.891446710219466,17.771656763786645,11.362493533753478,6.3757124181222
2014-08-01,16.844359191013083,17.911980692825544,11.323892946816436,6.020365697050156
2014-08-08,16.893505540277882,18.15071366308672,11.364281154399308,5.826531559099551
2014-08-15,16.6019508881903,18.48482708693796,11.118728695927617,7.484622386744811
2014-08-22,16.293601953731265,18.12923498917188,10.86264184199746,7.718978645823711
2014-08-29,16.514818635248197,18.411971187005392,11.045534692366589,7.608453776808155
2014-09-05,16.706599035477765,18.315507148158737,11.205596430993191,8.423464518218085
2014-09-12,16.707163452705114,18.063820155840673,11.206053294977524,6.366603002462284
2014-09-19,16.869499244432156,18.335692200968566,11.342347771630571,7.842467390097374
2014-09-26,16.76873651628016,18.467950063248292,11.259185829184217,7.376284461626357
2014-10-03,16.81388441149832,18.47643398932202,11.296633297642018,7.859077939219725
2014-10-10,16.458697055671337,18.556467249383488,11.001756737625824,7.9342926966533005
2014-10-17,16.30125621463074,18.499816162180025,10.87248938614119,6.907343101336023
2014-10-24,16.363592612499524,18.568948871365375,10.92414452302079,6.894311134329748
2014-10-31,16.644722523889612,18.779961098155084,11.156151214270123,6.569467784338538
2014-11-07,16.837147335796956,18.75616537252024,11.31492425687328,5.988680499367061
2014-11-14,17.346032777627606,18.734856112613453,11.737253183907052,6.0817709646294995
2014-11-21,17.167777508584464,18.610309447415453,11.586923802010512,7.21436331910721
2014-11-28,17.17307245221579,18.639107944912585,11.591330529488525,7.255463220238337
2014-12-05,17.032994723205192,18.57656843186933,11.474047514670513,7.777399171746572
2014-12-12,16.940522294355876,18.941057090433745,11.398963525733953,5.220674095185148
2014-12-19,17.425350528029938,19.167342981006104,11.806925253354983,6.860824222448729
2014-12-26,17.335146789206355,19.194090416523043,11.731505621795291,7.368175530912492
2015-01-02,17.77495488922098,19.49865362697267,12.099764301334417,8.384281996670765
2015-01-09,18.24757737962574,19.481852907372954,12.48361333507758,6.300114038115044
2015-01-16,20.151509693577747,19.608281793520106,14.396732174521311,7.783322791687481
2015-01-23,20.74939474467875,19.522952734133348,15.004075103494978,8.551378462530437
2015-01-30,18.726249217119268,19.84440881696164,13.038546501455048,7.317912270794973
2015-02-06,18.777748800095946,19.823929951658414,13.087811086317076,7.619151431679846
2015-02-13,18.725482500535442,20.03439430651335,13.038702848171623,7.353278305875539
2015-02-20,18.97466514031619,20.14158263780571,13.273729148841237,8.417141758502037
2015-02-27,19.018440892349567,20.14008056096739,13.31531812490495,9.82920366025018
2015-03-06,18.50079572952261,20.069608405320054,12.824532591228724,10.684938048732525
2015-03-13,18.983724612384048,20.164816880350337,13.279668338708841,10.565820699939092
2015-03-20,18.892207822964867,20.233997769362105,13.193360258162498,9.975380092792602
2015-03-27,18.806007444627753,20.09050489690043,13.111389521434958,9.456395102704507
2015-04-03,18.940762310164818,20.135819715632913,13.241104610678399,10.178620949017079
2015-04-10,19.212154486063877,20.268141764367247,13.501547525142396,10.050264273705917
2015-04-17,19.166204005897953,20.349618925800247,13.45753680809584,8.563047016714842
2015-04-24,19.274207191040762,19.926109417166817,13.562493647953126,9.443847955513577
2015-05-01,19.063554385548827,19.26762918211717,13.360353598477493,9.422401054242952
2015-05-08,18.84176002663064,19.062386386792653,13.148304399722322,9.023640423623565
2015-05-15,19.023669396676418,18.962585581771762,13.321667218324741,9.168492843045918
2015-05-22,19.33163210399585,19.190612532421444,13.616492375432236,8.92942142172113
2015-05-29,19.748925402864295,19.616030692693457,14.015187561533782,8.018997738744664
2015-06-05,19.69452404074193,18.625770550625518,13.963880694467925,6.429928877977073
2015-06-12,19.51065164063326,18.84672652927732,13.789006627729377,5.737055492079574
2015-06-19,19.679393177255797,19.225591043833063,13.949465099943254,4.8859066724989795
2015-06-26,19.754359632993282,18.801542637506838,14.023080565665694,7.283416298645791
2015-07-03,19.875391342229303,19.21945453984371,14.136352895021732,5.194670225677907
2015-07-10,20.09941060977021,18.57098701080791,14.352700482823108,6.527912075098311
2015-07-17,20.03710041334491,19.00695709257435,14.291723740825043,8.338026601918592
2015-07-24,20.32709166052532,19.23514800236003,14.56468020669857,8.100522037978024
2015-07-31,20.322774632505933,19.446252953471298,14.560604837035132,8.35157853800304
2015-08-07,20.593742487065498,19.62264897624299,14.808380314912489,7.16912232288947
2015-08-14,21.003620099392943,19.570254216883683,15.183607056868206,6.777394394905466
2015-08-21,20.80571482444841,19.7436209311485,15.000516179414143,6.2329749658020965
2015-08-28,20.401805070534934,19.08812006097549,14.625504005163027,5.852624697147763
2015-09-04,20.622065697455845,19.269100505848623,14.829013502948078,6.212479921039985
2015-09-11,20.489034213531742,19.425725702483238,14.707973672553194,6.08490045287248
2015-09-18,20.330796069662,19.38419414057014,14.562057136483238,6.818994060159002
2015-09-25,20.898980106563286,19.497366207313302,15.07470078868902,6.212453336576678
2015-10-02,21.229792267027825,19.870762720266512,15.382067848747784,7.705565120061723
2015-10-09,21.1705875319128,19.526060799752056,15.327739678736487,7.85655914194174
2015-10-16,21.137035484728568,19.80995095059309,15.296764198624203,7.808891722636764
2015-10-23,21.67479073490173,20.103378348023714,15.798918795047298,8.977765734037048
2015-10-30,21.441351318938615,19.916227840333917,15.58411449503713,8.785555992937624
2015-11-06,21.975756380459856,19.323898722198216,16.070945188342765,7.650037516507141
2015-11-13,22.139962175610467,19.97414488878425,16.223688097452214,8.543698794005525
2015-11-20,22.03580236256385,20.08172878936572,16.127012930259365,9.057098906193737
2015-11-27,22.119739991664446,20.434265873716488,16.204467797586705,9.716598331768951
2015-12-04,21.668391660449664,19.20445587601293,15.790462113594678,8.736390115944014
2015-12-11,21.254383786430726,19.81450738578424,15.406010652064568,8.73310666682375
2015-12-18,20.895189521605847,19.839098952330417,15.072417173457852,8.515914175762266
2015-12-25,20.59119345820792,19.595873599798754,14.792488716311338,8.054382668684424
2016-01-01,20.457726345562993,19.613135172448857,14.668727468793154,8.817475048511108
2016-01-08,20.24294646620194,20.038485517544828,14.47091140263379,8.73405403756006
2016-01-15,20.497009059349125,20.208906118075035,14.702138694202239,8.440118825051364
2016-01-22,20.667448694464454,20.482406030922185,14.857378317336543,8.512051171773317
2016-01-29,20.980555455332183,20.93161357437827,15.142912156405918,9.84325222321125
2016-02-05,21.182790944857825,20.907609526010678,15.323893829149215,8.998941371020367
2016-02-12,21.01625219460813,21.000366341675246,15.173890377493386,7.838704935185265
2016-02-19,21.092983976513523,21.204599935416457,15.243549296307533,7.950548668822696
2016-02-26,21.3681384509061,21.42518886717559,15.496649411819995,8.46767705842818
2016-03-04,21.51093906911439,21.267350719123876,15.628347124521703,9.40223522360771
2016-03-11,21.074135516599526,20.762767852361044,15.225248696882637,10.13745175899172
2016-03-18,21.159407913929627,20.79186719288634,15.303420238527046,10.4140812762571
2016-03-25,21.167915053317547,20.932550490795123,15.311196268674692,10.23712201601218
2016-04-01,21.132308091265724,21.07856629330972,15.278449496354579,10.540622210133952
2016-04-08,21.39620514535226,21.510282556289326,15.518609072903468,9.700654707591744
2016-04-15,21.07974008332817,21.434349413879108,15.227093221917293,9.998396695587342
2016-04-22,20.54541016871567,21.11441625695845,14.73951013902516,9.794620151996579
2016-04-29,20.524662446645266,20.806245383357417,14.720781537271154,8.890575387854732
2016-05-06,20.84166693743903,21.370541505463734,15.004910597121233,8.571944181939266
2016-05-13,21.190860747956744,21.390670432056236,15.32050202692589,8.572546126047234
2016-05-20,20.85206224217701,21.246566500642572,15.013172481939332,9.04340507975069
2016-05-27,20.81196415826292,21.40565373190831,14.97671422717551,9.47634320305591
2016-06-03,21.330105149478037,21.563578152810607,15.440613933404919,9.227450246822075
2016-06-10,21.714871047390197,21.772054508174424,15.79439638719872,9.343383707551434
2016-06-17,21.963998980940392,22.20522945849233,16.02218786908037,8.502004105657097
2016-06-24,21.5516626981112,22.55441123970026,15.641319244084627,7.971997959809357
2016-07-01,22.254780954686634,22.54940925460513,16.3075592400513,11.370787817173955
2016-07-08,22.17726800434715,22.87368010767471,16.23654333452149,10.797403984998
2016-07-15,21.92086229547243,22.434666073193625,15.999803343880373,10.646433967753564
2016-07-22,21.701797430561427,22.01622756478537,15.795768184680364,11.403275878383939
2016-07-29,21.898843549798922,22.190765000823784,15.977676896594328,11.565364280950647
2016-08-05,21.68004326325338,22.20240871850594,15.775163962909346,11.97006095941058
2016-08-12,21.911893886948132,22.346011898695483,15.987876638701234,12.001568949614212
2016-08-19,21.62343308470738,22.067652815153647,15.72064462493127,12.432871213182862
2016-08-26,21.392616886542037,22.152749741702728,15.50914103383709,12.55868530857254
2016-09-02,21.437041207331045,22.055649388492323,15.549442232103743,11.754263951373353
2016-09-09,21.079190491078386,21.95501428321963,15.222762135304263,11.480691743008746
2016-09-16,21.036221710692573,22.09111686084002,15.183378499177568,11.71329974677252
2016-09-23,21.095918743296483,22.37811271718013,15.23849255795336,12.3083987158651
2016-09-30,21.680292393646692,22.577371188185634,15.773334708748148,12.787152543122316
2016-10-07,21.57983996003387,22.145775098654223,15.681832543422427,12.439482461735242
2016-10-14,21.33312208159483,22.13243915926932,15.454926801591307,12.091966862902181
2016-10-21,21.45397552049737,22.285274361391593,15.566820188121053,12.289441211198357
2016-10-28,21.222312460598037,21.617247393101383,15.353777488351804,11.85597474377004
2016-11-04,21.198510009227622,21.948118501138893,15.331707078839878,11.88229409945621
2016-11-11,20.618845983904063,21.536525128868075,14.794443537921909,10.707154741684594
2016-11-18,20.442574096939587,21.802788930927065,14.6310269013943,9.741697697941955
2016-11-25,20.77595991268405,22.362866489369072,14.937670564274237,8.829650496369846
2016-12-02,20.768605420862336,22.22010482909635,14.930796776156983,9.576709928783316
2016-12-09,20.718003903123435,22.523905762059712,14.882930857118707,11.121865949587338
2016-12-16,20.889144191098424,22.895585658667645,15.043076949139854,11.595895802023207
2016-12-23,20.97445383375115,23.204380998914143,15.122205474213313,11.293045969790892
2016-12-30,21.122455844314892,23.209178433557703,15.260279286122357,11.439993926172416
2017-01-06,21.338335357805335,22.80562848842789,15.460412850429607,11.01987085686428
2017-01-13,20.702341646711634,22.642437534399114,14.858355842878234,11.982793362422495
2017-01-20,20.68236438022036,22.358217580237024,14.839712666082349,12.005284450063794
2017-01-27,20.527843777453715,22.0537320126871,14.6956812238918,11.505185626097372
2017-02-03,20.580828250869867,22.08027635319326,14.745002590198647,11.156814365305472
2017-02-10,20.72999029760021,22.81042932668301,14.884628077031824,11.174487977508356
2017-02-17,20.77290712130283,22.959939253864704,14.925055519842893,11.443299184249593
2017-02-24,21.16177162536153,24.071591035405913,15.280263883040993,8.979632535571918
2017-03-03,20.948804163225564,22.788274440864146,15.078528342012454,10.226506100942188
2017-03-10,20.063476002737456,22.233572745170754,14.260197465898127,9.145004856533285
2017-03-17,20.078558981272177,22.262634689997743,14.2743037193827,9.417221214343785
2017-03-24,19.926742551386006,22.058620441486646,14.131138362323162,10.17549984739932
2017-03-31,20.219307227399398,22.330022732058254,14.404197146688357,10.12710652517898
2017-04-07,20.481164105493644,23.114770411256377,14.64928811876854,10.427849024106957
2017-04-14,20.54600851887768,23.371338120791666,14.709784036284269,10.032718920406598
2017-04-21,20.57750496589621,22.876354398513858,14.739322068398717,10.22159587503553
2017-04-28,20.23988011936924,22.409384113971587,14.425536293234437,10.651543779765447
2017-05-05,20.113851209740822,21.769539223888774,14.308365855888287,11.499832759636302
2017-05-12,20.14065955242132,21.79712816606761,14.332731765445224,10.956932455196135
2017-05-19,20.46631094368812,22.019566503997805,14.632543025214261,11.60874846628982
2017-05-26,20.540296400897233,22.355927302525405,14.7004203684574,11.58596486300938
2017-06-02,20.77435502413662,22.794225214525017,14.915170329601827,11.440988837630469
2017-06-09,20.81575997886284,22.72385704561511,14.953672459251624,12.373099832871679
2017-06-16,20.850668123407395,22.1821832294764,14.985541983569483,11.916781473800182
2017-06-23,20.636807604387183,21.91204508394074,14.786954424812595,12.468117730610018
2017-06-30,19.931130380085087,20.966751638979268,14.140740540321652,12.093207317778957
2017-07-07,19.68092391664233,20.27473541426324,13.9148237138594,11.100114141971424
2017-07-14,19.658658200968564,20.313061649519103,13.894561645183973,11.636066460142404
2017-07-21,19.726399340450374,20.792266455199243,13.95633791573527,12.285864813844901
2017-07-28,19.637811449456063,20.886048574569905,13.878584396130666,12.090370009783797
2017-08-04,20.091127920920393,21.150618626437428,14.274036664348037,12.36985582345469
2017-08-11,20.668193717284407,21.638642872885026,14.77831611227041,12.229716079942648
2017-08-18,20.3643846986659,21.350212946179496,14.509140635549906,12.520286205310802
2017-08-25,20.412351955178394,21.697219034330896,14.551100623653543,12.285128350368902
2017-09-01,20.421450648342752,21.842652971900943,14.55905225624888,12.270817045681431
2017-09-08,20.660827410797115,22.18769676790092,14.76916194307386,12.191169069504877
2017-09-15,20.205295059387858,21.512720218930525,14.370271813563864,12.22839961546134
2017-09-22,20.13648231958844,21.391429188256524,14.310856312655496,12.15505638872818
2017-09-29,20.13226284816072,21.5793634844256,14.3071636756557,12.267613357763983
2017-10-06,20.027490777213725,21.466991798203313,14.216654802735412,11.263190817365526
2017-10-13,20.166996716253724,21.80523120290188,14.337985995281436,11.576570786322716
2017-10-20,20.07766970634897,21.52964050361239,14.26091208155653,11.587565795891017
2017-10-27,20.188897978116508,22.09188142569436,14.35712225021342,11.848553946305646
2017-11-03,20.243776043697064,22.015365626564435,14.404726486023955,12.69477409553773
2017-11-10,20.184751205008617,21.84003449283146,14.354186176779866,12.141311204846108
2017-11-17,20.341099900098108,22.01607327890424,14.488236414939728,12.245825401438445
2017-11-24,20.066670989439668,21.830847143785135,14.252248097767433,12.533845469944167
2017-12-01,20.46425648013131,21.985420172147172,14.594735921883847,12.887153594019981
2017-12-08,20.43841836813534,22.187462147721984,14.572539420018284,13.20315046633718
2017-12-15,20.609741985442202,21.872936870772843,14.717612467432122,11.911085477874794
2017-12-22,20.298283849076686,21.116826318564268,14.450520071830226,12.233583026878426
2017-12-29,20.126943285052267,21.055755250801994,14.304687832056947,11.58499904526001
2018-01-05,20.08578170227185,21.01900318940449,14.269474494070638,11.984202984782819
2018-01-12,19.988575731341584,20.42887984838668,14.186968649940436,12.056832282934991
2018-01-19,20.412362027415405,20.68144886692192,14.546248268703073,12.199618523236623
2018-01-26,20.332249802097483,19.998469178277766,14.477260630158458,12.022651251188444
2018-02-02,19.940351296919967,19.62121978344737,14.137807678552136,12.157959328433062
2018-02-09,19.526474064334863,19.761917065201846,13.776319359164104,12.238076311660059
2018-02-16,20.054730438515673,19.416524313560036,14.23271672478043,12.13481395438507
2018-02-23,20.306697995367756,19.733365074337634,14.449721198811169,11.564932999209589
2018-03-02,20.517928384880776,19.86036917654925,14.632937663747416,11.930572168625906
2018-03-09,20.1179373698347,19.703678140941655,14.288709324902683,12.358785528125727
2018-03-16,20.34854416796532,20.055721925315957,14.485450650889588,12.37328073023406
2018-03-23,20.95407189041633,20.33893720630323,15.004013855416062,13.089589482102234
2018-03-30,20.773268164764627,20.483838814944615,14.848445508236352,14.032443136384716
2018-04-06,20.738046722010804,20.43103294390889,14.818719323911077,13.423703254733203
2018-04-13,21.36385071144177,20.31441439618673,15.342758526112544,13.25807040416528
2018-04-20,20.28716299656829,19.94301065396268,14.438063434042279,13.010245191000982
2018-04-27,20.427049710583375,20.033333613912518,14.555022703517645,13.292166800471609
2018-05-04,20.48543618197318,20.127573977889114,14.603728957783648,13.111613691728866
2018-05-11,19.980551227064883,20.108601518585687,14.178967479902012,13.136571310851732
2018-05-18,20.28061693937683,20.200388775132,14.432204069540417,12.465690157100566
2018-05-25,20.80233223922021,21.237507445930273,14.877054532764237,11.215770566477381
2018-06-01,20.845944261293635,21.352944356387702,14.914993623263845,11.46889292157485
2018-06-08,20.329418731632074,21.294848566870147,14.466487774964797,11.655008240890918
2018-06-15,20.50953603740658,21.231865220689514,14.622265891292928,11.963009032021645
2018-06-22,20.347087618645407,21.73962494870953,14.482764289880073,10.66655556625698
2018-06-29,20.129162256990302,21.73759024687251,14.29236032749911,11.56253566502989
2018-07-06,20.051380420419164,21.693530211142473,14.225727934262151,11.125416914140205
2018-07-13,19.960291287618215,21.790842394504665,14.14694834312514,12.234633763309239
2018-07-20,19.848779536059823,21.514652501047593,14.051365421330914,11.826545566789854
2018-07-27,19.630858026502583,21.368694722708664,13.862071853786418,12.310408639710158
2018-08-03,18.872863287515244,21.35513415649705,13.2010800220032,11.930643503100407
2018-08-10,19.174925129680627,21.90249683547982,13.465095247929149,11.484143006750577
2018-08-17,19.948555693181714,22.055116918808853,14.13866567168698,11.23281528276377
2018-08-24,19.72924843499631,21.625512345306284,13.944907446036463,12.021337208514062
2018-08-31,19.903328711691103,21.69704732385477,14.097902581297278,10.958239039963564
2018-09-07,19.763101308201435,21.26721661195108,13.972142470417754,11.276854305460308
2018-09-14,19.465988873803354,20.949132840952643,13.707970022315362,10.951385080851042
2018-09-21,19.50561497063121,20.905633619463398,13.743186935302836,11.057658976149845
2018-09-28,19.368667937069503,20.832133651200976,13.623128516676914,10.791373194466892
2018-10-05,19.48211737419233,20.53358438905821,13.722059096734732,10.562270481134112
2018-10-12,19.29170765013982,20.999140676456054,13.557475771929505,9.455363497458018
2018-10-19,19.702494403954162,21.07722093067449,13.912097677778501,8.824136108282204
2018-10-26,19.796116260416547,21.48373298994362,13.995402156472615,10.078372587294561
2018-11-02,19.715310439371272,21.095126775131444,13.924467463497452,10.256745835999135
2018-11-09,19.932956954601924,21.173058512535196,14.114978215368668,10.145842961421152
2018-11-16,19.988538344310772,21.48432885697885,14.163386421931543,9.655648837982454
2018-11-23,20.170116512638984,21.47239469723196,14.32387803450627,9.78185534924838
2018-11-30,20.05216850121333,21.616343032010622,14.21830324413733,10.820916089275054
2018-12-07,20.4307777169722,21.67791892560803,14.554257555789464,11.248895202263089
2018-12-14,20.06148919299985,21.736285078273134,14.224300476122817,11.702467218564003
2018-12-21,20.55917496447015,21.41015708674251,14.663270743214857,11.89716434137152
2018-12-28,20.62627958819361,21.42009302588664,14.722643228733716,11.581966250449403
2019-01-04,20.55937924880917,21.756425470304354,14.663508370812611,10.876342639807381
2019-01-11,20.491726514585956,21.876958387689424,14.603416765705388,11.009174294639006
2019-01-18,20.361143609285495,21.714863074662905,14.486405890864567,12.235630980360343
2019-01-25,20.385321313308758,21.877649045175612,14.507853864129377,12.765299396801316
2019-02-01,20.67678300052163,21.87305057684193,14.762201412208885,12.589292925807975
2019-02-08,20.819039484183484,22.114223575987538,14.88732293026485,12.278793082231857
2019-02-15,20.61018424401952,22.05841200079235,14.702708447255572,12.420212370088358
2019-02-22,20.665928959997586,21.978551336941837,14.75205299062216,12.850042856345517
2019-03-01,20.48828301365588,21.518090374115175,14.595505012577984,12.713733092693817
2019-03-08,21.003808906669995,21.763579605189648,15.050375960842125,13.049354299140223
2019-03-15,20.81218487778524,21.75442760214777,14.881326056611481,13.00930378496883
2019-03-22,21.250772182090238,22.079284131928404,15.272858920739361,13.65356285032222
2019-03-29,21.020613178570617,22.416255729443506,15.06666932766909,13.425079262854531
2019-04-05,20.55429340074853,22.13507676364627,14.649229857135346,13.444842317620907
2019-04-12,20.34611513008113,21.59076556825365,14.463728825481365,14.126646810323386
2019-04-19,20.499995566069032,21.72409689351834,14.597954393819105,13.699107115480597
2019-04-26,20.799540601248427,22.034648600990554,14.861638707775336,13.962907066755866
2019-05-03,20.70091818474279,21.915032576749226,14.774410869372241,14.526953922103043
2019-05-10,20.845076003199367,22.274783203872822,14.90067545263503,14.239964093374965
2019-05-17,21.18537220239225,22.487901964256558,15.202320211040904,14.529550204288538
2019-05-24,21.461538860206893,22.445655582633066,15.447815411432213,14.513314641375912
2019-05-31,21.54947067217818,22.839185910182064,15.526577725607922,14.73372455522844
2019-06-07,21.652203705303524,22.741852085092155,15.618451968222844,14.897934413700096
2019-06-14,21.4938370028125,22.705577151930548,15.477387720689316,14.520572626333953
2019-06-21,21.38882064650609,22.819700918533375,15.382313924306043,14.915962922289195
2019-06-28,21.527802005169647,22.97513902919146,15.507103095369253,14.705484450125553
2019-07-05,21.916502608387955,22.942348089711643,15.855752137042813,14.8852372355581
2019-07-12,21.63777970823322,22.648487658168413,15.605839521146528,14.07351718516824
2019-07-19,22.22483800838083,22.966515406932803,16.14018878282662,14.82368334761477
2019-07-26,22.110400172982626,23.01776003662581,16.036684453830688,14.662956677369998
2019-08-02,22.537686689433045,23.29205453053395,16.42774758711957,14.90444156180837
2019-08-09,22.560811900508952,23.808071389274186,16.44886927916485,14.39058623988609
2019-08-16,23.051365844038454,23.939786981430135,16.900245927112604,14.676040682148942
2019-08-23,22.57076687487193,24.14694938510286,16.45448152644255,14.955530228216553
2019-08-30,22.811174258378465,24.250093480623292,16.675279494610216,15.101625916231242
2019-09-06,22.490264481020976,24.00403920579361,16.38019035535089,14.943955503868988
2019-09-13,21.33600905774572,23.009268475525623,15.326087863859447,13.979082410634394
2019-09-20,21.425932179768076,22.98502431573419,15.40877907388763,14.479897428804428
2019-09-27,21.52854426744253,23.39249836975661,15.503799610340545,14.955520869488023
2019-10-04,21.58833940762011,23.51813378031451,15.558505870936486,15.008223620707748
2019-10-11,21.241370855768846,22.993126994186277,15.243350942503852,14.607415107654266
2019-10-18,20.87623940740251,22.582299472468705,14.90902442654956,14.899089243755068
2019-10-25,20.754732723278234,22.505745050327224,14.798763404148906,14.789619535774463
2019-11-01,20.136857643065035,22.561563723421013,14.23410767992482,14.747381139866611
2019-11-08,19.824616610390624,22.06509778461264,13.950515266275165,14.280806634182143
2019-11-15,20.23582873685224,22.3620921269614,14.323374608194506,13.847190319140372
2019-11-22,20.61600762737939,22.387201597849117,14.668953200683045,14.09035441756936
2019-11-29,20.83308425790456,22.357172446115143,14.865341116758916,13.892774930051054
2019-12-06,20.52784721127151,22.223211620579136,14.586495197645224,13.646349087514487
2019-12-13,20.487968943504356,21.960964302193915,14.549821322194903,14.218685806544306
2019-12-20,20.68632495821933,21.995177050850597,14.732513161597298,14.609821305506744
2019-12-27,20.486774429465985,22.032813678757847,14.549395293589034,14.359090000509319
2020-01-03,20.607717041490105,22.165873440832218,14.660870500671281,14.477177074366171
2020-01-10,20.192800673625968,21.831151650532842,14.276989634169597,14.199589950475856
2020-01-17,20.758060096151457,21.910495878365165,14.799425265409832,13.888696441233812
2020-01-24,20.952182755532423,22.293016638428817,14.981392535697069,14.465093630973625
2020-01-31,21.110117685623337,22.547908620420262,15.129502009350661,14.863104085937016
2020-02-07,20.69169455482074,22.288328209832052,14.737703266922294,14.662112968042916
2020-02-14,21.047029565799203,22.316477664671744,15.070867772513312,14.755840840086744
2020-02-21,21.103556885363464,22.233513447124583,15.124298424470995,15.097077536081109
2020-02-28,20.990848564295064,23.373171813209616,15.019308183182137,14.106921243603642
2020-03-06,21.031179962277715,24.119273232747677,15.057447733845288,14.195280578229546
2020-03-13,19.913614952969198,23.738069310390756,14.021749838909754,11.045984695507592
2020-03-20,19.997681864103164,21.912570985769744,14.101134513748924,10.654580345465114
2020-03-27,19.305855335963873,22.8218208451528,13.43228332791164,12.352883976556742
2020-04-03,19.01673054465334,22.483613671272902,13.163599001854742,10.223532582374844
2020-04-10,19.285820204437858,22.164289084577504,13.417477791777442,10.107207510542274
2020-04-17,19.94840918736746,22.820179294341134,14.04010636139305,9.578149839389575
2020-04-24,19.913672273509427,23.00169547562725,14.00746338544222,8.49837467287788
2020-05-01,20.08884905210538,23.499586361625408,14.178419447305412,11.632466275025731
2020-05-08,19.865915026306276,23.54895138083499,13.966945265102245,11.213663220230767
2020-05-15,19.718716007387687,23.342232715348818,13.825788993977826,11.856880351694828
2020-05-22,19.559637268539074,22.845312832811793,13.673610951366689,13.008865469813388
2020-05-29,19.77841603365578,22.448144043817646,13.880456579332225,14.097653536418767
2020-06-05,19.059520098072667,21.79262452900386,13.213139984768025,14.233111793372862
2020-06-12,19.82005769252938,22.560416168365062,13.911921435450346,13.416669392502415
2020-06-19,19.734036523404395,22.4549552954586,13.830567816395321,13.961490693743427
2020-06-26,19.51888570762364,22.852926803973492,13.626996339227432,14.335713275444936
2020-07-03,19.655163392789603,22.56819419586766,13.75495475676235,14.180177395639827
2020-07-10,19.945156362485307,22.546689475828494,14.02772764876756,14.44071481302722
2020-07-17,19.856628399181737,22.353487479122514,13.945000457334132,14.533589991067581
2020-07-24,20.35845722525456,22.23461786228207,14.408432992896874,14.082990851605366
2020-07-31,20.319331533208175,22.876636232443037,14.372048571974807,14.107784015809568
2020-08-07,20.582499102961247,22.607863417141285,14.617076105411337,14.443099830960596
2020-08-14,20.38959052818977,22.197602369678744,14.437578634531262,14.38298004357571
2020-08-21,20.430374357744086,22.549664979859518,14.475559638330301,14.533179312015681
2020-08-28,20.323934177141588,22.217503040585733,14.376837802802818,14.232209751623037
2020-09-04,20.595230522210823,22.49584429556255,14.627977386575333,14.551913092020712
2020-09-11,20.47648079548737,22.40773066851957,14.517529358903184,14.5191486552136
2020-09-18,20.554940744544226,22.310832687426352,14.590459771512906,14.887943806070746
2020-09-25,20.47778826457379,22.53657648937061,14.519047738162898,14.780934309631252
2020-10-02,20.545534447442886,22.64716552292857,14.582024924760546,15.055457705500423
2020-10-09,20.38995345782822,22.722280476913653,14.43691074214912,15.270963109053605
2020-10-16,20.591119464270275,23.14346665358425,14.624776621711101,15.571492870511783
2020-10-23,20.64721593933294,23.001719487884586,14.67689324356122,15.217924497545134
2020-10-30,20.67413416292155,23.33850171627668,14.702190928628873,15.613712033599546
2020-11-06,20.524344936025464,23.13434657458237,14.561479679470754,15.893732261921537
2020-11-13,20.540415828699242,22.672175593654664,14.576365396050894,15.943974312350853
2020-11-20,20.268900097366334,22.829297509362576,14.32365447838236,16.21001467036107
2020-11-27,20.438338634552785,22.900017611937606,14.480243525046735,16.36117219935214
2020-12-04,20.44262921005553,22.771140273779537,14.48420414701489,16.152025808365146
2020-12-11,20.883242998227708,23.175769098933984,14.893363540273972,16.57277960535067
2020-12-18,20.843359996045447,22.69490579740979,14.856474091865682,16.614543762533565
2020-12-25,20.67302996354778,22.559509435241576,14.699514824098626,16.440452403880073
2021-01-01,20.69746040483052,22.66243891255309,14.722103094714043,16.41177849895716
2021-01-08,20.56742689236049,22.578135336868897,14.601892425408787,16.318015110057953
2021-01-15,20.14367671548193,22.61920007191473,14.207824113954922,15.986784010787387
2021-01-22,20.201698692025037,22.592861499044215,14.261519331995807,15.709001500757294
2021-01-29,20.29838367887119,22.71344835382092,14.351222950913789,16.093353267834967
2021-02-05,19.894099284093713,22.465006587183062,13.977340123358617,15.87489305020113
2021-02-12,19.984139397234863,22.471192805251565,14.060481949473456,15.775965695297526
2021-02-19,19.783851099745085,22.089788200356132,13.876846177413283,15.163812604564098
2021-02-26,19.801524901553606,21.768640342257328,13.892823459130657,14.349480660100776
2021-03-05,20.025278547573613,22.11129974709828,14.094530485269816,14.524070285252137
2021-03-12,19.767218675395306,22.148241587328688,13.860641266149415,14.982602237969811
2021-03-19,19.874704843070894,22.385316953167003,13.957855380402993,15.11021507503437
2021-03-26,20.113875942342553,22.55983204523509,14.174152695482322,15.43965841253178
2021-04-02,19.988539829164502,22.455017290513396,14.061130668457892,15.240798793009663
2021-04-09,19.85800356188137,22.205247472474312,13.942909210221114,14.74560869665488
2021-04-16,19.660708693698194,22.131931054916937,13.763347573474356,14.860535390343047
2021-04-23,19.965708121986687,22.11326475416783,14.038550203328725,14.839671707702111
2021-04-30,19.77667147981778,21.98361400566521,13.866244132466623,14.658450252218643
2021-05-07,19.66679709774231,22.073392885537668,13.765743016763867,14.716461432556114
2021-05-14,19.36683109783586,21.512523750148357,13.492804285051614,14.078450801843374
2021-05-21,19.310351304322584,21.5829806137213,13.440995297619102,14.37922014718324
2021-05-28,19.077097548262138,21.871980448089058,13.226962169058403,14.824249763098935
2021-06-04,19.374233011515674,22.082017642992223,13.498372539373618,15.023943710675889
2021-06-11,19.723890415006405,22.266398613466535,13.820454838328699,15.47400617956247
2021-06-18,19.69127894278622,22.04725068330228,13.790827455015355,14.924815385486063
2021-06-25,19.810831275607267,21.82433254285471,13.899653873653824,14.709243274106246
2021-07-02,19.943607170291465,22.16243634343052,14.02177253410666,15.266974128960864
2021-07-09,20.567660676886717,22.096029298787474,14.593480298430817,15.234242588976704
2021-07-16,20.082983533030593,22.417630112150487,14.14306411426579,15.610415690669821
2021-07-23,20.692184792562422,22.849116708761937,14.704314131574886,15.945933110280823
2021-07-30,20.716719400320095,23.14367876693806,14.727169146746865,16.016399264297174
2021-08-06,20.82182640668971,23.0508927126558,14.824957348870019,16.221896473075905
2021-08-13,20.51441308236164,22.92799563451508,14.539447131755455,16.240547729572928
2021-08-20,20.515754613550584,23.10867180444477,14.54069854750824,16.334076484237407
2021-08-27,20.329251658293362,22.850121720485504,14.367688652413449,15.884168553812968
2021-09-03,20.238031960791943,22.664655342545466,14.28359498782322,15.916204506488912
2021-09-10,20.155363448421586,22.510606599446447,14.20723620849257,15.966042145999989
2021-09-17,20.1284943678077,22.398284187388196,14.182594687055062,16.17991463420016
2021-09-24,19.544458316914657,22.223702003444686,13.64154964050733,15.965111354495273
2021-10-01,19.47481229251144,22.312980772840373,13.576906473464144,16.04963052495403
2021-10-08,19.3759617118179,22.123885097026278,13.484731271804028,16.011437258431364
2021-10-15,19.364904876845525,22.122805007502176,13.47440805716635,15.995036119675062
2021-10-22,19.056243858879576,21.619301562207042,13.18564956340685,15.52676014668597
2021-10-29,18.55411158191314,21.569954461717124,12.710903225404685,15.081615493234795
2021-11-05,19.584577939131965,22.5212985428153,13.687520211335524,16.044960841311166
2021-11-12,19.352558846983214,22.762787085804025,13.467113458692872,15.949107107376609
2021-11-19,19.72264969236856,23.13445354214615,13.821418380149057,16.538348157112146
2021-11-26,19.927126177338366,23.16359209937825,14.016158763725228,16.160994317639116
2021-12-03,19.927504094802288,23.056594513970946,14.016523626676225,16.37576635850264
2021-12-10,20.01407977595732,22.706402347944227,14.098281518351062,14.857664443959301
2021-12-17,19.709310131482113,22.882623269021487,13.803246865074705,15.142127842501116
2021-12-24,19.546953374241415,22.400170995912752,13.648167716834699,14.421665277696508
2021-12-31,19.19868442264357,22.07562254041588,13.312680478392899,13.980670947747953
2022-01-07,18.21499953524268,21.54484401963329,12.358486436940908,14.284448637899695
2022-01-14,18.39529110083549,21.626643196897973,12.530288286704254,13.843836951655046
2022-01-21,18.422446090990906,21.762629146871227,12.556548741529088,13.863909565240647
2022-01-28,18.197724087924684,21.85927976827301,12.340045799759244,13.650981289598835
2022-02-04,16.40233114820262,17.977242262937587,10.65871954046956,11.15543525847753
2022-02-11,16.85647771861487,18.581090508887893,11.086337985874586,10.44482797191133
2022-02-18,17.051412582733896,18.88653080013779,11.274062471577013,11.075465650283663
2022-02-25,16.531406295290022,18.66610256880904,10.772498610903693,11.171807305267551
2022-03-04,17.79482734935176,21.462447494358226,12.04464844891008,13.347574674339945
2022-03-11,16.84626271980665,19.801988664974843,11.119889531877275,11.868143532613642
2022-03-18,17.14464267683548,19.14334147364201,11.408481152340148,11.776732841442797
2022-03-25,16.225915380347256,17.71803553575229,10.506471300131215,11.211990498909483
2022-04-01,15.908006679094093,17.46223186459304,10.198162869789812,10.020158312210178
2022-04-08,15.026868311195615,17.040403748893585,9.335163670056733,8.669857336842783
2022-04-15,15.671577666932674,16.84045198661244,9.964588437381252,8.780218833798966
2022-04-22,15.062000055198025,16.001427214515218,9.37721735624993,7.732413886204889
2022-04-29,15.501488389180961,16.703019481861496,9.803906498022698,7.769433812008213
2022-05-06,14.72087217408004,15.840663838715425,9.06071092849802,6.331577607304012
2022-05-13,16.65608352477818,16.89315822035969,10.914986544677681,8.122595572264265
2022-05-20,16.87151722283653,16.52454335213495,11.121411647600844,6.923249017462658
2022-05-27,16.915478625292465,16.45490943534658,11.16442852496064,7.459935107397394
2022-06-03,15.637954186109432,14.562798855869401,9.944059046525014,4.839810624276575
2022-06-10,14.64465882705862,12.966493510631404,9.008557509380578,1.6857682281957664
2022-06-17,14.436746470378102,12.20120296585407,8.800805278851318,3.1960368709226965
2022-06-24,14.676123035847127,13.877585428109624,9.039589835390023,4.286817757511314
2022-07-01,17.502078012702768,15.095135477369961,11.843682657039196,6.3976062517894885
2022-07-08,16.2893897918132,15.137689061888455,10.61505089100197,5.867129139707853
2022-07-15,17.920368078366835,16.025680157391367,12.258745627733663,6.766778955129201
