Date;2YCH;2YES;5YCH;5YES;10YCH;10YES;EURCHF
03/06/2022;0.086;0.760;0.429;1.526;0.904;2.253;1.0297
27/05/2022;-0.078;0.618;0.290;1.304;0.752;2.032;1.0272
20/05/2022;-0.048;0.682;0.277;1.357;0.719;2.082;1.0289
13/05/2022;-0.131;0.544;0.255;1.218;0.775;1.996;1.0429
06/05/2022;0.117;0.845;0.578;1.553;1.018;2.251;1.0425
29/04/2022;0.085;0.616;0.476;1.321;0.835;1.981;1.0263
22/04/2022;0.109;0.579;0.527;1.316;0.925;1.944;1.0333
15/04/2022;-0.052;0.445;0.439;1.144;0.852;1.795;1.0189
08/04/2022;0.016;0.421;0.456;1.117;0.745;1.709;1.0158
01/04/2022;-0.099;0.232;0.289;0.891;0.615;1.485;1.0222
25/03/2022;-0.182;0.132;0.196;0.748;0.564;1.444;1.0219
18/03/2022;-0.327;0.015;0.034;0.581;0.392;1.321;1.0295
11/03/2022;-0.284;0.028;0.048;0.555;0.366;1.248;1.0195
04/03/2022;-0.477;-0.231;-0.139;0.271;0.182;0.972;1.0021
25/02/2022;-0.331;0.020;0.046;0.597;0.319;1.219;1.043
18/02/2022;-0.368;-0.069;0.003;0.567;0.278;1.211;1.0427
11/02/2022;-0.632;-0.243;0.067;0.695;0.336;1.231;1.0502
04/02/2022;-0.632;-0.218;0.036;0.543;0.263;1.048;1.0592
28/01/2022;-0.667;-0.506;-0.250;0.127;0.012;0.705;1.0378
21/01/2022;-0.668;-0.484;-0.282;0.073;-0.015;0.645;1.034
14/01/2022;-0.649;-0.459;-0.297;0.075;-0.004;0.641;1.0433
07/01/2022;-0.656;-0.545;-0.286;0.022;0.005;0.655;1.0435
31/12/2021;-0.698;-0.582;-0.396;0.022;-0.135;0.595;1.0369
24/12/2021;-0.707;-0.599;-0.450;-0.045;-0.177;0.527;1.0407
17/12/2021;-0.713;-0.491;-0.496;-0.173;-0.288;0.348;1.0386
10/12/2021;-0.767;-0.502;-0.537;-0.136;-0.316;0.375;1.0421
03/12/2021;-0.764;-0.604;-0.523;-0.318;-0.283;0.352;1.0379
26/11/2021;-0.768;-0.613;-0.526;-0.308;-0.223;0.433;1.0441
19/11/2021;-0.758;-0.657;-0.477;-0.338;-0.191;0.388;1.0474
12/11/2021;-0.755;-0.553;-0.401;-0.242;-0.142;0.466;1.0541
05/11/2021;-0.752;-0.573;-0.463;-0.296;-0.197;0.405;1.0549
29/10/2021;-0.668;-0.502;-0.261;-0.096;-0.006;0.622;1.0579
22/10/2021;-0.720;-0.584;-0.366;-0.180;-0.055;0.533;1.0666
15/10/2021;-0.732;-0.522;-0.453;-0.284;-0.097;0.469;1.0706
08/10/2021;-0.744;-0.576;-0.458;-0.293;-0.092;0.495;1.0729
01/10/2021;-0.755;-0.584;-0.490;-0.324;-0.179;0.432;1.0786
24/09/2021;-0.739;-0.522;-0.489;-0.314;-0.163;0.416;1.0831
17/09/2021;-0.716;-0.534;-0.570;-0.353;-0.216;0.358;1.0927
10/09/2021;-0.734;-0.596;-0.603;-0.349;-0.275;0.341;1.0839
03/09/2021;-0.738;-0.609;-0.633;-0.359;-0.324;0.343;1.0855
27/08/2021;-0.717;-0.603;-0.645;-0.368;-0.338;0.303;1.0746
20/08/2021;-0.742;-0.531;-0.676;-0.427;-0.396;0.221;1.0726
13/08/2021;-0.665;-0.548;-0.670;-0.412;-0.381;0.223;1.0796
06/08/2021;-0.769;-0.550;-0.693;-0.405;-0.388;0.249;1.0758
30/07/2021;-0.760;-0.525;-0.684;-0.386;-0.374;0.272;1.0741
23/07/2021;-0.754;-0.508;-0.676;-0.373;-0.363;0.278;1.0825
16/07/2021;-0.734;-0.473;-0.599;-0.320;-0.313;0.364;1.0852
09/07/2021;-0.755;-0.506;-0.642;-0.275;-0.289;0.360;1.0851
02/07/2021;-0.741;-0.514;-0.562;-0.267;-0.243;0.376;1.0921
25/06/2021;-0.751;-0.429;-0.535;-0.191;-0.167;0.482;1.0945
18/06/2021;-0.749;-0.512;-0.541;-0.226;-0.215;0.454;1.0946
11/06/2021;-0.758;-0.545;-0.555;-0.300;-0.222;0.366;1.0869
04/06/2021;-0.767;-0.518;-0.500;-0.241;-0.128;0.459;1.0938
28/05/2021;-0.726;-0.493;-0.472;-0.215;-0.132;0.480;1.0968
21/05/2021;-0.733;-0.423;-0.484;-0.154;-0.130;0.561;1.0936
14/05/2021;-0.756;-0.408;-0.483;-0.124;-0.130;0.592;1.0948
07/05/2021;-0.728;-0.453;-0.534;-0.206;-0.210;0.492;1.0954
30/04/2021;-0.737;-0.438;-0.533;-0.195;-0.196;0.477;1.0973
23/04/2021;-0.750;-0.411;-0.568;-0.228;-0.259;0.403;1.1052
16/04/2021;-0.728;-0.415;-0.530;-0.235;-0.225;0.398;1.1023
09/04/2021;-0.762;-0.490;-0.553;-0.233;-0.262;0.380;1.1
02/04/2021;-0.751;-0.454;-0.578;-0.288;-0.305;0.315;1.1083
26/03/2021;-0.749;-0.517;-0.597;-0.315;-0.306;0.288;1.1073
19/03/2021;-0.757;-0.447;-0.558;-0.270;-0.250;0.352;1.1059
12/03/2021;-0.770;-0.435;-0.537;-0.249;-0.244;0.333;1.1107
05/03/2021;-0.739;-0.505;-0.564;-0.203;-0.201;0.403;1.1088
26/02/2021;-0.680;-0.484;-0.512;-0.168;-0.197;0.433;1.0968
19/02/2021;-0.784;-0.515;-0.541;-0.306;-0.236;0.363;1.0859
12/02/2021;-0.782;-0.557;-0.600;-0.389;-0.331;0.161;1.0809
05/02/2021;-0.780;-0.542;-0.593;-0.401;-0.354;0.131;1.0828
29/01/2021;-0.782;-0.532;-0.660;-0.437;-0.443;0.101;1.0808
22/01/2021;-0.750;-0.507;-0.647;-0.392;-0.440;0.125;1.0772
15/01/2021;-0.752;-0.528;-0.647;-0.430;-0.470;0.060;1.0758
08/01/2021;-0.742;-0.567;-0.696;-0.459;-0.466;0.043;1.082
01/01/2021;-0.779;-0.608;-0.706;-0.470;-0.486;0.055;1.0807
25/12/2020;-0.774;-0.605;-0.695;-0.461;-0.468;0.098;1.0854
18/12/2020;-0.789;-0.607;-0.731;-0.488;-0.496;0.049;1.0821
11/12/2020;-0.770;-0.616;-0.746;-0.502;-0.508;0.006;1.0774
04/12/2020;-0.738;-0.581;-0.675;-0.443;-0.442;0.086;1.0808
27/11/2020;-0.766;-0.581;-0.677;-0.466;-0.447;0.061;1.0818
20/11/2020;-0.780;-0.573;-0.665;-0.454;-0.447;0.069;1.0801
13/11/2020;-0.770;-0.554;-0.720;-0.417;-0.484;0.116;1.0798
06/11/2020;-0.786;-0.573;-0.731;-0.428;-0.513;0.100;1.0686
30/10/2020;-0.752;-0.566;-0.755;-0.398;-0.543;0.137;1.0678
23/10/2020;-0.839;-0.535;-0.740;-0.347;-0.507;0.200;1.0724
16/10/2020;-0.841;-0.552;-0.746;-0.395;-0.518;0.126;1.0716
09/10/2020;-0.802;-0.544;-0.715;-0.339;-0.478;0.174;1.076
02/10/2020;-0.822;-0.508;-0.727;-0.318;-0.497;0.222;1.0781
25/09/2020;-0.796;-0.492;-0.722;-0.291;-0.500;0.250;1.0801
18/09/2020;-0.810;-0.498;-0.720;-0.294;-0.479;0.283;1.0792
11/09/2020;-0.796;-0.459;-0.702;-0.256;-0.449;0.309;1.0764
04/09/2020;-0.765;-0.467;-0.716;-0.255;-0.467;0.350;1.0812
28/08/2020;-0.746;-0.456;-0.659;-0.204;-0.418;0.386;1.0764
21/08/2020;-0.818;-0.456;-0.687;-0.247;-0.502;0.299;1.075
14/08/2020;-0.821;-0.427;-0.655;-0.204;-0.449;0.362;1.0763
07/08/2020;-0.823;-0.408;-0.697;-0.226;-0.514;0.290;1.0754
31/07/2020;-0.788;-0.377;-0.687;-0.199;-0.542;0.343;1.0755
24/07/2020;-0.764;-0.340;-0.680;-0.177;-0.474;0.373;1.0726
17/07/2020;-0.741;-0.452;-0.628;-0.228;-0.412;0.428;1.0723
10/07/2020;-0.708;-0.447;-0.651;-0.224;-0.478;0.430;1.0633
03/07/2020;-0.681;-0.472;-0.592;-0.193;-0.384;0.454;1.0622
26/06/2020;-0.650;-0.437;-0.582;-0.212;-0.431;0.471;1.0634
19/06/2020;-0.658;-0.399;-0.589;-0.159;-0.399;0.504;1.064
12/06/2020;-0.672;-0.376;-0.602;-0.090;-0.439;0.606;1.0718
05/06/2020;-0.637;-0.392;-0.509;-0.143;-0.292;0.567;1.086
29/05/2020;-0.678;-0.395;-0.616;-0.148;-0.464;0.569;1.0673
22/05/2020;-0.700;-0.346;-0.625;-0.035;-0.500;0.701;1.0588
15/05/2020;-0.680;-0.352;-0.644;0.079;-0.525;0.842;1.0512
08/05/2020;-0.678;-0.131;-0.657;0.135;-0.526;0.869;1.0524
01/05/2020;-0.649;-0.064;-0.658;0.085;-0.535;0.733;1.0552
24/04/2020;-0.662;0.103;-0.633;0.446;-0.445;0.957;1.0528
17/04/2020;-0.669;0.142;-0.617;0.334;-0.457;0.817;1.0516
10/04/2020;-0.609;-0.022;-0.518;0.298;-0.302;0.787;1.0559
03/04/2020;-0.578;-0.039;-0.499;0.267;-0.336;0.748;1.0555
27/03/2020;-0.643;-0.242;-0.524;0.054;-0.321;0.538;1.0591
20/03/2020;-0.738;-0.060;-0.571;0.262;-0.325;0.770;1.0543
13/03/2020;-0.792;-0.306;-0.640;0.173;-0.497;0.633;1.0559
06/03/2020;-0.875;-0.426;-0.886;-0.212;-0.910;0.218;1.0583
28/02/2020;-0.819;-0.421;-0.857;-0.180;-0.871;0.299;1.0643
21/02/2020;-0.653;-0.456;-0.831;-0.250;-0.783;0.228;1.0611
14/02/2020;-0.780;-0.456;-0.799;-0.213;-0.737;0.298;1.0636
07/02/2020;-0.744;-0.438;-0.745;-0.189;-0.712;0.290;1.0699
31/01/2020;-0.741;-0.469;-0.802;-0.227;-0.748;0.230;1.0688
24/01/2020;-0.744;-0.448;-0.771;-0.147;-0.730;0.347;1.0705
17/01/2020;-0.733;-0.410;-0.720;-0.058;-0.594;0.468;1.073
10/01/2020;-0.656;-0.426;-0.632;-0.087;-0.524;0.443;1.0815
03/01/2020;-0.720;-0.414;-0.681;-0.131;-0.562;0.395;1.0846
27/12/2019;-0.741;-0.426;-0.663;-0.103;-0.531;0.419;1.0891
20/12/2019;-0.766;-0.420;-0.682;-0.130;-0.514;0.460;1.0882
13/12/2019;-0.711;-0.405;-0.685;-0.107;-0.556;0.427;1.0939
06/12/2019;-0.743;-0.412;-0.697;-0.045;-0.601;0.503;1.095
29/11/2019;-0.781;-0.418;-0.741;-0.089;-0.612;0.431;1.1014
22/11/2019;-0.771;-0.407;-0.716;-0.109;-0.583;0.420;1.0986
15/11/2019;-0.768;-0.384;-0.669;-0.082;-0.495;0.459;1.0937
08/11/2019;-0.653;-0.418;-0.598;-0.108;-0.380;0.400;1.0988
01/11/2019;-0.704;-0.450;-0.662;-0.188;-0.534;0.289;1.1003
25/10/2019;-0.751;-0.416;-0.725;-0.186;-0.557;0.273;1.1017
18/10/2019;-0.774;-0.411;-0.746;-0.208;-0.575;0.261;1.0992
11/10/2019;-0.870;-0.440;-0.809;-0.211;-0.656;0.257;1.0998
04/10/2019;-0.909;-0.481;-0.903;-0.298;-0.784;0.140;1.0926
27/09/2019;-0.892;-0.472;-0.873;-0.281;-0.769;0.159;1.0842
20/09/2019;-0.864;-0.447;-0.855;-0.215;-0.766;0.246;1.092
13/09/2019;-0.866;-0.396;-0.829;-0.149;-0.650;0.313;1.0961
06/09/2019;-1.042;-0.552;-1.038;-0.319;-0.919;0.181;1.0888
30/08/2019;-1.099;-0.554;-1.113;-0.356;-1.008;0.123;1.0876
23/08/2019;-1.086;-0.515;-1.056;-0.315;-0.935;0.146;1.0858
16/08/2019;-1.063;-0.511;-1.145;-0.318;-1.087;0.096;1.0848
09/08/2019;-1.073;-0.466;-1.036;-0.234;-0.921;0.273;1.0892
02/08/2019;-1.007;-0.475;-1.013;-0.260;-0.842;0.256;1.0908
26/07/2019;-0.941;-0.473;-0.924;-0.201;-0.688;0.385;1.1052
19/07/2019;-0.948;-0.454;-0.935;-0.211;-0.606;0.398;1.1014
12/07/2019;-0.906;-0.431;-0.826;-0.080;-0.493;0.570;1.1092
05/07/2019;-0.902;-0.417;-0.883;-0.198;-0.636;0.329;1.1134
28/06/2019;-0.888;-0.408;-0.836;-0.162;-0.535;0.395;1.1098
21/06/2019;-0.868;-0.368;-0.808;-0.198;-0.486;0.444;1.1099
14/06/2019;-0.840;-0.348;-0.817;-0.147;-0.479;0.501;1.1196
07/06/2019;-0.830;-0.359;-0.832;-0.176;-0.505;0.551;1.1193
31/05/2019;-0.794;-0.346;-0.790;-0.132;-0.468;0.716;1.1179
24/05/2019;-0.820;-0.304;-0.758;-0.083;-0.425;0.827;1.1223
17/05/2019;-0.792;-0.309;-0.713;-0.082;-0.386;0.883;1.1278
10/05/2019;-0.761;-0.298;-0.665;-0.032;-0.342;0.978;1.1365
03/05/2019;-0.763;-0.296;-0.627;-0.046;-0.290;0.988;1.1383
26/04/2019;-0.761;-0.277;-0.644;0.007;-0.319;1.026;1.1363
19/04/2019;-0.758;-0.271;-0.609;0.038;-0.289;1.063;1.1402
12/04/2019;-0.743;-0.258;-0.580;0.002;-0.269;1.051;1.1324
05/04/2019;-0.759;-0.266;-0.614;0.070;-0.295;1.111;1.1217
29/03/2019;-0.784;-0.284;-0.668;0.060;-0.373;1.105;1.1163
22/03/2019;-0.776;-0.281;-0.687;0.052;-0.426;1.079;1.1228
15/03/2019;-0.774;-0.209;-0.604;0.141;-0.299;1.201;1.1349
08/03/2019;-0.767;-0.218;-0.629;0.133;-0.322;1.063;1.1321
01/03/2019;-0.738;-0.130;-0.538;0.209;-0.199;1.210;1.1351
22/02/2019;-0.769;-0.149;-0.572;0.170;-0.294;1.180;1.1338
15/02/2019;-0.754;-0.167;-0.569;0.220;-0.290;1.248;1.1352
08/02/2019;-0.782;-0.152;-0.601;0.222;-0.299;1.240;1.1322
01/02/2019;-0.758;-0.249;-0.564;0.212;-0.236;1.227;1.1405
25/01/2019;-0.776;-0.256;-0.515;0.217;-0.182;1.242;1.1326
18/01/2019;-0.778;-0.234;-0.505;0.275;-0.142;1.356;1.131
11/01/2019;-0.780;-0.197;-0.525;0.397;-0.146;1.453;1.1284
04/01/2019;-0.782;-0.180;-0.535;0.399;-0.143;1.478;1.1244
28/12/2018;-0.790;-0.225;-0.536;0.338;-0.168;1.422;1.1259
21/12/2018;-0.799;-0.219;-0.516;0.324;-0.134;1.401;1.131
14/12/2018;-0.747;-0.180;-0.444;0.357;-0.085;1.419;1.128
07/12/2018;-0.746;-0.157;-0.552;0.410;-0.143;1.459;1.1279
30/11/2018;-0.699;-0.158;-0.505;0.457;-0.095;1.512;1.1303
23/11/2018;-0.735;-0.118;-0.513;0.577;-0.078;1.644;1.1309
16/11/2018;-0.742;-0.116;-0.470;0.604;-0.025;1.648;1.1415
09/11/2018;-0.737;-0.133;-0.449;0.572;0.006;1.608;1.1394
02/11/2018;-0.720;-0.132;-0.420;0.561;0.015;1.588;1.1424
26/10/2018;-0.737;-0.190;-0.444;0.567;-0.035;1.596;1.1371
19/10/2018;-0.749;-0.075;-0.416;0.716;0.023;1.785;1.1467
12/10/2018;-0.694;-0.131;-0.344;0.677;0.084;1.683;1.1462
05/10/2018;-0.695;-0.170;-0.364;0.587;0.082;1.589;1.1429
28/09/2018;-0.712;-0.185;-0.364;0.532;0.041;1.507;1.1391
21/09/2018;-0.713;-0.215;-0.401;0.486;0.008;1.514;1.1261
14/09/2018;-0.698;-0.207;-0.404;0.488;-0.015;1.512;1.1241
07/09/2018;-0.715;-0.233;-0.450;0.443;-0.065;1.495;1.1196
31/08/2018;-0.741;-0.261;-0.474;0.462;-0.098;1.487;1.1239
24/08/2018;-0.710;-0.336;-0.453;0.360;-0.105;1.411;1.1425
17/08/2018;-0.787;-0.295;-0.481;0.431;-0.129;1.482;1.1383
10/08/2018;-0.767;-0.263;-0.393;0.415;-0.106;1.433;1.1357
03/08/2018;-0.722;-0.285;-0.331;0.396;-0.032;1.442;1.15
27/07/2018;-0.703;-0.317;-0.408;0.350;-0.041;1.400;1.1588
20/07/2018;-0.723;-0.278;-0.438;0.388;-0.051;1.324;1.1632
13/07/2018;-0.714;-0.295;-0.463;0.338;-0.060;1.274;1.1703
06/07/2018;-0.753;-0.224;-0.475;0.452;-0.118;1.321;1.1626
29/06/2018;-0.753;-0.229;-0.479;0.411;-0.064;1.330;1.1572
22/06/2018;-0.767;-0.202;-0.502;0.499;-0.043;1.367;1.1514
15/06/2018;-0.758;-0.224;-0.507;0.391;-0.029;1.303;1.1576
08/06/2018;-0.730;-0.140;-0.446;0.411;0.019;1.474;1.159
01/06/2018;-0.817;-0.077;-0.535;0.407;-0.066;1.446;1.1515
25/05/2018;-0.735;-0.084;-0.523;0.436;0.001;1.453;1.1533
18/05/2018;-0.721;-0.258;-0.421;0.336;0.099;1.437;1.1742
11/05/2018;-0.749;-0.289;-0.392;0.243;0.072;1.273;1.1944
04/05/2018;-0.745;-0.290;-0.453;0.234;0.048;1.291;1.1957
27/04/2018;-0.731;-0.278;-0.430;0.227;0.092;1.257;1.198
20/04/2018;-0.762;-0.250;-0.401;0.267;0.116;1.277;1.1976
13/04/2018;-0.889;-0.263;-0.557;0.220;0.018;1.233;1.1862
06/04/2018;-0.930;-0.277;-0.506;0.198;-0.006;1.230;1.1777
30/03/2018;-0.924;-0.357;-0.503;0.123;0.024;1.155;1.1747
23/03/2018;-0.898;-0.314;-0.507;0.259;0.059;1.264;1.1699
16/03/2018;-0.897;-0.264;-0.432;0.354;0.075;1.367;1.1699
09/03/2018;-0.883;-0.247;-0.388;0.383;0.101;1.436;1.1705
02/03/2018;-0.890;-0.201;-0.443;0.433;0.074;1.537;1.155
23/02/2018;-0.847;-0.180;-0.409;0.485;0.106;1.592;1.1515
16/02/2018;-0.846;-0.205;-0.359;0.424;0.157;1.461;1.1509
09/02/2018;-0.814;-0.196;-0.305;0.418;0.176;1.480;1.1501
02/02/2018;-0.829;-0.227;-0.339;0.435;0.156;1.464;1.16
26/01/2018;-0.824;-0.216;-0.401;0.430;0.071;1.398;1.1597
19/01/2018;-0.827;-0.227;-0.436;0.374;0.004;1.442;1.1769
12/01/2018;-0.797;-0.225;-0.386;0.394;0.006;1.495;1.1797
05/01/2018;-0.815;-0.275;-0.452;0.369;-0.097;1.518;1.1738
29/12/2017;-0.739;-0.227;-0.451;0.425;-0.069;1.570;1.1689
22/12/2017;-0.761;-0.220;-0.469;0.342;-0.058;1.477;1.1727
15/12/2017;-0.899;-0.245;-0.559;0.335;-0.169;1.460;1.164
08/12/2017;-0.874;-0.375;-0.546;0.140;-0.158;1.402;1.168
01/12/2017;-0.889;-0.347;-0.538;0.168;-0.145;1.404;1.1611
24/11/2017;-0.891;-0.305;-0.509;0.214;-0.125;1.498;1.1687
17/11/2017;-0.893;-0.327;-0.550;0.236;-0.123;1.556;1.1658
10/11/2017;-0.857;-0.298;-0.525;0.254;-0.069;1.560;1.1615
03/11/2017;-0.860;-0.320;-0.531;0.192;-0.085;1.475;1.1615
27/10/2017;-0.850;-0.276;-0.519;0.284;-0.049;1.585;1.1584
20/10/2017;-0.822;-0.269;-0.500;0.329;-0.030;1.663;1.1596
13/10/2017;-0.825;-0.240;-0.514;0.319;-0.042;1.601;1.1517
06/10/2017;-0.821;-0.222;-0.496;0.366;-0.029;1.672;1.1473
29/09/2017;-0.818;-0.309;-0.504;0.265;-0.011;1.610;1.1437
22/09/2017;-0.809;-0.298;-0.498;0.277;-0.036;1.628;1.1577
15/09/2017;-0.840;-0.295;-0.514;0.262;-0.056;1.610;1.1467
08/09/2017;-0.871;-0.330;-0.606;0.230;-0.168;1.534;1.1364
01/09/2017;-0.862;-0.361;-0.563;0.232;-0.123;1.483;1.1444
25/08/2017;-0.826;-0.338;-0.566;0.242;-0.135;1.479;1.1403
18/08/2017;-0.817;-0.360;-0.544;0.230;-0.121;1.439;1.1346
11/08/2017;-0.830;-0.310;-0.592;0.254;-0.177;1.454;1.1369
04/08/2017;-0.774;-0.332;-0.506;0.263;-0.064;1.472;1.1452
28/07/2017;-0.756;-0.292;-0.433;0.309;0.042;1.517;1.1377
21/07/2017;-0.775;-0.305;-0.460;0.282;-0.010;1.461;1.1027
14/07/2017;-0.772;-0.232;-0.443;0.379;0.013;1.654;1.1049
07/07/2017;-0.775;-0.190;-0.451;0.442;0.005;1.741;1.0988
30/06/2017;-0.783;-0.266;-0.488;0.314;-0.027;1.530;1.0949
23/06/2017;-0.870;-0.279;-0.609;0.213;-0.161;1.386;1.0849
16/06/2017;-0.887;-0.270;-0.637;0.270;-0.154;1.461;1.0898
09/06/2017;-0.903;-0.320;-0.645;0.227;-0.174;1.438;1.0851
02/06/2017;-0.909;-0.263;-0.637;0.332;-0.185;1.574;1.0856
26/05/2017;-0.882;-0.298;-0.598;0.329;-0.136;1.534;1.0891
19/05/2017;-0.888;-0.275;-0.590;0.339;-0.112;1.574;1.09
12/05/2017;-0.838;-0.252;-0.545;0.407;-0.061;1.618;1.0937
05/05/2017;-0.858;-0.280;-0.523;0.375;-0.063;1.554;1.0856
28/04/2017;-0.874;-0.244;-0.564;0.434;-0.123;1.648;1.084
21/04/2017;-0.925;-0.188;-0.637;0.472;-0.215;1.672;1.0683
14/04/2017;-0.939;-0.163;-0.640;0.463;-0.190;1.693;1.0669
07/04/2017;-0.904;-0.220;-0.620;0.433;-0.158;1.606;1.0685
31/03/2017;-0.887;-0.162;-0.561;0.487;-0.107;1.657;1.0683
24/03/2017;-0.858;-0.213;-0.501;0.523;-0.029;1.683;1.0704
17/03/2017;-0.864;-0.147;-0.513;0.600;-0.024;1.877;1.0722
10/03/2017;-0.874;-0.071;-0.502;0.655;0.032;1.891;1.0794
03/03/2017;-0.926;-0.185;-0.648;0.485;-0.132;1.672;1.0709
24/02/2017;-0.989;-0.085;-0.712;0.562;-0.212;1.695;1.0638
17/02/2017;-0.938;-0.270;-0.639;0.290;-0.155;1.628;1.0637
10/02/2017;-0.910;-0.256;-0.625;0.326;-0.127;1.699;1.0667
03/02/2017;-0.899;-0.259;-0.584;0.338;-0.073;1.686;1.07
27/01/2017;-0.904;-0.273;-0.566;0.318;-0.070;1.589;1.0686
20/01/2017;-0.925;-0.292;-0.576;0.248;-0.084;1.503;1.0721
13/01/2017;-0.926;-0.282;-0.604;0.224;-0.160;1.427;1.0732
06/01/2017;-0.839;-0.208;-0.715;0.340;-0.185;1.547;1.0717
30/12/2016;-1.013;-0.290;-0.692;0.272;-0.205;1.394;1.0717
23/12/2016;-1.080;-0.234;-0.670;0.304;-0.157;1.384;1.0736
16/12/2016;-1.005;-0.251;-0.661;0.282;-0.099;1.427;1.0723
09/12/2016;-1.023;-0.172;-0.637;0.329;-0.092;1.517;1.0738
02/12/2016;-0.998;-0.081;-0.674;0.477;-0.151;1.544;1.0779
25/11/2016;-0.973;0.034;-0.690;0.555;-0.165;1.590;1.0742
18/11/2016;-0.873;-0.069;-0.627;0.478;-0.113;1.601;1.0698
11/11/2016;-0.983;-0.087;-0.647;0.386;-0.175;1.479;1.0716
04/11/2016;-1.024;-0.171;-0.759;0.212;-0.357;1.281;1.0785
28/10/2016;-0.961;-0.124;-0.758;0.217;-0.403;1.233;1.0846
21/10/2016;-1.010;-0.172;-0.800;0.134;-0.495;1.124;1.0812
14/10/2016;-0.972;-0.169;-0.789;0.155;-0.478;1.135;1.0863
07/10/2016;-0.908;-0.203;-0.827;0.110;-0.513;1.018;1.0946
30/09/2016;-1.034;-0.208;-0.868;0.043;-0.571;0.879;1.0918
23/09/2016;-0.892;-0.207;-0.789;0.093;-0.480;0.969;1.0892
16/09/2016;-0.961;-0.136;-0.762;0.170;-0.404;1.079;1.0939
09/09/2016;-0.934;-0.126;-0.775;0.198;-0.443;1.084;1.0955
02/09/2016;-0.914;-0.139;-0.815;0.166;-0.464;1.035;1.0934
26/08/2016;-0.896;-0.194;-0.842;0.087;-0.516;0.939;1.095
19/08/2016;-0.897;-0.159;-0.852;0.101;-0.488;0.956;1.0868
12/08/2016;-0.947;-0.163;-0.902;0.124;-0.552;0.930;1.0883
05/08/2016;-0.948;-0.156;-0.878;0.140;-0.520;1.017;1.0869
29/07/2016;-0.917;-0.163;-0.915;0.174;-0.577;1.021;1.0832
22/07/2016;-0.990;-0.147;-0.885;0.210;-0.506;1.117;1.0835
15/07/2016;-0.997;-0.103;-0.929;0.285;-0.557;1.230;1.0843
08/07/2016;-1.048;-0.111;-1.000;0.241;-0.596;1.152;1.0863
01/07/2016;-1.085;-0.174;-1.005;0.210;-0.584;1.151;1.0835
24/06/2016;-1.072;0.090;-0.927;0.592;-0.457;1.639;1.0811
17/06/2016;-1.047;0.044;-0.946;0.540;-0.511;1.559;1.0821
10/06/2016;-0.939;-0.056;-0.892;0.477;-0.454;1.432;1.0854
03/06/2016;-0.893;-0.091;-0.806;0.489;-0.416;1.469;1.1086
27/05/2016;-0.819;-0.087;-0.735;0.476;-0.316;1.485;1.1053
20/05/2016;-0.845;-0.063;-0.741;0.533;-0.293;1.565;1.1112
13/05/2016;-0.876;-0.045;-0.791;0.570;-0.315;1.605;1.1025
06/05/2016;-0.866;-0.054;-0.746;0.570;-0.296;1.597;1.1086
29/04/2016;-0.829;-0.052;-0.697;0.578;-0.250;1.593;1.0981
22/04/2016;-0.859;-0.020;-0.710;0.423;-0.272;1.600;1.0985
15/04/2016;-0.894;0.009;-0.785;0.385;-0.350;1.502;1.092
08/04/2016;-0.906;0.058;-0.810;0.414;-0.355;1.521;1.0868
01/04/2016;-0.865;0.026;-0.775;0.343;-0.336;1.445;1.0913
25/03/2016;-0.931;0.062;-0.779;0.383;-0.333;1.533;1.0915
18/03/2016;-0.942;0.082;-0.781;0.363;-0.296;1.451;1.0928
11/03/2016;-0.984;0.034;-0.757;0.403;-0.329;1.488;1.0956
04/03/2016;-1.066;-0.020;-0.866;0.460;-0.404;1.563;1.0927
26/02/2016;-1.070;0.028;-0.851;0.550;-0.416;1.574;1.0895
19/02/2016;-1.005;0.079;-0.786;0.624;-0.321;1.714;1.1015
12/02/2016;-0.985;0.077;-0.748;0.657;-0.269;1.747;1.0989
05/02/2016;-0.976;0.009;-0.728;0.519;-0.267;1.647;1.1063
29/01/2016;-0.938;-0.012;-0.724;0.439;-0.278;1.514;1.1082
22/01/2016;-0.939;0.020;-0.678;0.609;-0.186;1.744;1.0968
15/01/2016;-0.907;0.043;-0.638;0.655;-0.151;1.753;1.0931
08/01/2016;-0.880;0.028;-0.588;0.634;-0.097;1.718;1.087
01/01/2016;-0.841;0.037;-0.614;0.676;-0.075;1.781;1.0879
25/12/2015;-0.882;0.137;-0.647;0.753;-0.091;1.863;1.084
18/12/2015;-0.894;0.141;-0.715;0.674;-0.164;1.698;1.0779
11/12/2015;-0.892;0.101;-0.772;0.636;-0.217;1.631;1.0809
04/12/2015;-0.966;0.092;-0.831;0.674;-0.243;1.741;1.0838
27/11/2015;-1.080;0.005;-0.944;0.503;-0.379;1.537;1.0903
20/11/2015;-1.052;0.059;-0.927;0.575;-0.324;1.659;1.0841
13/11/2015;-1.019;0.051;-0.942;0.664;-0.308;1.793;1.0825
06/11/2015;-0.952;0.127;-0.891;0.800;-0.275;1.925;1.0802
30/10/2015;-0.869;0.023;-0.800;0.662;-0.272;1.674;1.0868
23/10/2015;-0.871;0.001;-0.815;0.644;-0.302;1.638;1.0779
16/10/2015;-0.790;0.075;-0.730;0.793;-0.220;1.772;1.0825
09/10/2015;-0.774;0.067;-0.713;0.807;-0.176;1.835;1.0919
02/10/2015;-0.818;0.085;-0.742;0.799;-0.224;1.784;1.0888
25/09/2015;-0.730;0.189;-0.664;0.983;-0.085;2.036;1.0962
18/09/2015;-0.726;0.143;-0.591;0.929;-0.048;1.948;1.094
11/09/2015;-0.711;0.117;-0.608;0.993;-0.080;2.118;1.0986
04/09/2015;-0.733;0.073;-0.629;0.992;-0.143;2.086;1.0838
28/08/2015;-0.729;0.162;-0.600;1.051;-0.145;2.069;1.0765
21/08/2015;-0.815;0.133;-0.661;0.977;-0.205;2.016;1.0772
14/08/2015;-0.825;0.108;-0.667;0.948;-0.159;2.018;1.0843
07/08/2015;-0.835;0.091;-0.605;0.902;-0.125;1.994;1.078
31/07/2015;-0.840;0.075;-0.574;0.753;-0.036;1.839;1.0615
24/07/2015;-0.831;0.105;-0.574;0.786;-0.049;1.906;1.0567
17/07/2015;-0.831;0.097;-0.516;0.782;0.069;1.934;1.0412
10/07/2015;-0.884;0.250;-0.523;1.015;0.088;2.135;1.0471
03/07/2015;-0.965;0.358;-0.491;1.126;0.093;2.215;1.0445
26/06/2015;-0.940;0.272;-0.466;0.948;0.163;2.130;1.0424
19/06/2015;-0.910;0.391;-0.471;1.177;0.143;2.282;1.0414
12/06/2015;-0.891;0.281;-0.440;1.107;0.144;2.255;1.0459
05/06/2015;-0.871;0.177;-0.451;1.023;0.098;2.229;1.044
29/05/2015;-0.898;0.137;-0.518;0.786;-0.064;1.840;1.0332
22/05/2015;-0.846;0.071;-0.440;0.713;0.014;1.790;1.0388
15/05/2015;-0.821;0.084;-0.397;0.688;0.056;1.741;1.0485
08/05/2015;-0.803;0.138;-0.368;0.685;0.070;1.664;1.0441
01/05/2015;-0.812;0.090;-0.393;0.628;0.017;1.500;1.044
24/04/2015;-0.924;0.089;-0.464;0.578;-0.079;1.396;1.0371
17/04/2015;-0.940;0.100;-0.471;0.663;-0.176;1.437;1.0288
10/04/2015;-0.836;0.075;-0.452;0.521;-0.097;1.229;1.0384
03/04/2015;-0.808;0.080;-0.406;0.529;-0.063;1.231;1.0447
27/03/2015;-0.768;0.122;-0.373;0.606;-0.033;1.320;1.0465
20/03/2015;-0.746;0.136;-0.383;0.547;-0.060;1.183;1.0551
13/03/2015;-0.725;0.144;-0.367;0.498;-0.006;1.156;1.0549
06/03/2015;-0.590;0.137;-0.272;0.509;0.000;1.284;1.0693
27/02/2015;-0.891;0.178;-0.414;0.573;0.026;1.257;1.0667
20/02/2015;-0.902;0.289;-0.453;0.737;0.065;1.495;1.0686
13/02/2015;-0.893;0.307;-0.454;0.843;0.048;1.569;1.0622
06/02/2015;-0.857;0.306;-0.487;0.827;-0.058;1.493;1.0477
30/01/2015;-0.685;0.379;-0.476;0.856;-0.026;1.460;1.0374
23/01/2015;-1.292;0.309;-0.861;0.711;-0.257;1.367;0.9863
16/01/2015;-0.473;0.401;-0.606;0.794;0.065;1.513;0.9912
09/01/2015;-0.386;0.483;-0.212;0.978;0.234;1.721;1.2009
02/01/2015;-0.305;0.394;-0.129;0.769;0.368;1.513;1.2016
26/12/2014;-0.170;0.478;-0.080;0.896;0.379;1.695;1.2027
19/12/2014;-0.132;0.543;-0.084;0.954;0.338;1.704;1.2031
12/12/2014;-0.115;0.629;-0.003;1.121;0.270;1.881;1.2008
05/12/2014;-0.104;0.470;0.009;0.868;0.304;1.815;1.2021
28/11/2014;-0.077;0.447;-0.014;0.910;0.308;1.909;1.2021
21/11/2014;-0.195;0.402;-0.016;0.919;0.376;2.027;1.2013
14/11/2014;-0.173;0.462;-0.033;1.050;0.382;2.134;1.2011
07/11/2014;-0.066;0.498;0.037;1.071;0.437;2.163;1.2033
31/10/2014;-0.081;0.562;0.056;1.021;0.461;2.105;1.2053
24/10/2014;-0.059;0.518;0.087;0.995;0.471;2.169;1.2062
17/10/2014;-0.054;0.479;0.096;0.995;0.454;2.164;1.2074
10/10/2014;-0.049;0.389;0.079;0.861;0.446;2.056;1.2086
03/10/2014;-0.071;0.340;0.065;0.880;0.478;2.134;1.2105
26/09/2014;-0.085;0.347;0.058;0.934;0.475;2.182;1.2067
19/09/2014;-0.062;0.308;0.050;0.898;0.506;2.208;1.2069
12/09/2014;-0.094;0.391;0.083;1.083;0.528;2.358;1.2098
05/09/2014;-0.066;0.215;0.076;0.817;0.481;2.060;1.2059
29/08/2014;-0.024;0.245;0.091;0.915;0.435;2.228;1.2059
22/08/2014;0.005;0.184;0.132;0.923;0.501;2.393;1.2103
15/08/2014;-0.023;0.217;0.092;0.957;0.456;2.418;1.2098
08/08/2014;0.008;0.311;0.078;1.163;0.454;2.583;1.2143
01/08/2014;0.006;0.341;0.099;1.150;0.552;2.537;1.2161
25/07/2014;-0.005;0.302;0.079;1.108;0.515;2.541;1.2149
18/07/2014;0.012;0.353;0.075;1.198;0.539;2.621;1.215
11/07/2014;0.011;0.454;0.124;1.362;0.603;2.776;1.214
04/07/2014;0.016;0.397;0.152;1.285;0.649;2.664;1.2162
27/06/2014;0.009;0.493;0.160;1.280;0.652;2.636;1.2159
20/06/2014;-0.048;0.620;0.157;1.392;0.713;2.739;1.2173
13/06/2014;-0.104;0.539;0.168;1.298;0.758;2.658;1.2186
06/06/2014;-0.107;0.519;0.129;1.241;0.702;2.651;1.2193
30/05/2014;-0.081;0.728;0.141;1.548;0.728;2.858;1.2202
23/05/2014;-0.053;0.813;0.172;1.674;0.792;2.988;1.2206
16/05/2014;-0.037;0.755;0.134;1.599;0.748;2.964;1.2222
09/05/2014;-0.048;0.726;0.143;1.592;0.816;2.917;1.2198
02/05/2014;-0.032;0.743;0.147;1.664;0.833;2.981;1.2181
25/04/2014;-0.048;0.738;0.148;1.688;0.853;3.064;1.2194
18/04/2014;-0.078;0.699;0.208;1.701;0.869;3.087;1.2197
11/04/2014;-0.104;0.741;0.130;1.781;0.878;3.185;1.2164
04/04/2014;-0.079;0.702;0.149;1.715;0.914;3.153;1.2222
28/03/2014;-0.079;0.812;0.177;1.857;0.942;3.241;1.2194
21/03/2014;-0.082;0.896;0.234;1.985;1.012;3.355;1.2173
14/03/2014;-0.087;0.886;0.193;2.021;0.965;3.345;1.2134
07/03/2014;-0.053;0.920;0.250;2.023;1.036;3.362;1.2179
28/02/2014;-0.091;1.072;0.220;2.023;0.999;3.514;1.2141
21/02/2014;-0.108;1.143;0.214;2.111;1.015;3.556;1.219
14/02/2014;-0.103;1.192;0.229;2.122;1.035;3.591;1.2221
07/02/2014;-0.098;1.174;0.201;2.101;1.019;3.593;1.2243
31/01/2014;-0.129;1.219;0.151;2.211;0.985;3.675;1.222
24/01/2014;-0.100;1.354;0.222;2.333;1.052;3.782;1.2229
17/01/2014;-0.105;1.264;0.300;2.247;1.149;3.705;1.2322
10/01/2014;-0.086;1.291;0.363;2.315;1.227;3.813;1.2335
03/01/2014;-0.125;0.882;0.203;2.425;1.077;3.898;1.23
27/12/2013;-0.109;1.251;0.212;2.817;1.092;4.235;1.2248
20/12/2013;-0.100;1.157;0.197;2.735;1.059;4.139;1.2249
13/12/2013;-0.134;1.099;0.133;2.686;0.988;4.104;1.222
06/12/2013;-0.137;1.157;0.145;2.795;0.973;4.185;1.2221
29/11/2013;-0.096;1.037;0.119;2.693;0.881;4.127;1.2314
22/11/2013;-0.086;0.989;0.145;2.565;0.916;4.114;1.229
15/11/2013;-0.059;0.999;0.181;2.644;0.959;4.084;1.2346
08/11/2013;0.034;1.026;0.152;2.764;0.975;4.115;1.2314
01/11/2013;0.017;1.070;0.182;2.744;0.987;4.015;1.23
25/10/2013;0.025;1.237;0.170;2.908;0.991;4.155;1.2318
18/10/2013;0.009;1.306;0.194;3.046;1.041;4.269;1.234
11/10/2013;-0.007;1.441;0.184;3.181;1.051;4.305;1.2347
04/10/2013;0.034;1.382;0.218;3.106;1.066;4.218;1.2295
27/09/2013;0.047;1.587;0.218;3.224;1.021;4.368;1.2248
20/09/2013;0.059;1.486;0.263;3.119;1.120;4.305;1.2312
13/09/2013;0.043;1.763;0.296;3.378;1.169;4.490;1.2361
06/09/2013;0.028;1.785;0.273;3.478;1.117;4.528;1.2359
30/08/2013;0.013;1.831;0.275;3.510;1.086;4.535;1.2291
23/08/2013;0.073;1.787;0.360;3.411;1.158;4.461;1.233
16/08/2013;0.058;1.698;0.285;3.322;1.035;4.364;1.2347
09/08/2013;0.017;1.830;0.264;3.421;0.984;4.487;1.2309
02/08/2013;0.055;1.896;0.286;3.216;1.061;4.584;1.2338
26/07/2013;0.010;1.946;0.272;3.284;1.045;4.630;1.2326
19/07/2013;-0.004;1.976;0.258;3.372;0.975;4.677;1.2364
12/07/2013;0.007;2.110;0.288;3.504;1.018;4.787;1.2366
05/07/2013;-0.031;1.962;0.307;3.399;1.042;4.664;1.2366
28/06/2013;-0.019;2.294;0.343;3.583;1.041;4.765;1.2293
21/06/2013;0.040;2.349;0.302;3.697;0.964;4.882;1.2261
14/06/2013;0.003;2.195;0.226;3.428;0.827;4.576;1.2293
07/06/2013;0.014;2.102;0.237;3.353;0.808;4.559;1.2369
31/05/2013;-0.023;1.952;0.166;3.223;0.736;4.432;1.241
24/05/2013;-0.086;1.977;0.164;3.264;0.684;4.444;1.2431
17/05/2013;-0.080;1.686;0.075;2.957;0.629;4.209;1.2479
10/05/2013;-0.041;1.642;0.088;2.958;0.629;4.202;1.2428
03/05/2013;-0.075;1.536;0.059;2.765;0.607;4.011;1.2261
26/04/2013;-0.069;1.953;0.049;3.125;0.594;4.277;1.2279
19/04/2013;0.075;2.051;0.091;3.320;0.616;4.628;1.2184
12/04/2013;-0.021;2.127;0.122;3.389;0.682;4.694;1.2162
05/04/2013;-0.059;2.087;0.113;3.470;0.628;4.782;1.2139
29/03/2013;-0.005;2.457;0.142;3.820;0.728;5.055;1.2168
22/03/2013;0.004;2.352;0.163;3.576;0.751;4.854;1.2218
15/03/2013;0.078;2.351;0.202;3.622;0.782;4.914;1.2275
08/03/2013;0.066;2.190;0.203;3.464;0.780;4.767;1.237
01/03/2013;0.012;2.511;0.137;3.762;0.705;5.098;1.2277
22/02/2013;0.030;2.552;0.186;3.830;0.787;5.157;1.2257
15/02/2013;0.039;2.541;0.227;3.825;0.797;5.182;1.2314
08/02/2013;0.028;2.777;0.228;4.054;0.771;5.380;1.2256
01/02/2013;0.057;2.615;0.314;3.908;0.785;5.206;1.2381
25/01/2013;0.061;2.449;0.284;3.782;0.758;5.158;1.2468
18/01/2013;0.011;2.522;0.228;3.846;0.710;5.071;1.2442
11/01/2013;-0.098;2.234;0.154;3.479;0.676;4.883;1.2187
04/01/2013;-0.112;2.469;0.056;3.803;0.521;5.058;1.2083
28/12/2012;-0.111;2.955;0.037;4.077;0.452;5.269;1.2073
21/12/2012;-0.108;2.848;0.031;4.052;0.485;5.262;1.2072
14/12/2012;-0.109;2.915;0.022;4.260;0.453;5.394;1.2082
07/12/2012;-0.158;3.034;-0.061;4.371;0.401;5.470;1.2077
30/11/2012;-0.135;2.941;-0.005;4.264;0.421;5.326;1.2049
23/11/2012;-0.156;3.046;0.031;4.467;0.487;5.628;1.2039
16/11/2012;-0.160;3.325;-0.002;4.728;0.432;5.889;1.2045
09/11/2012;-0.155;3.217;-0.005;4.620;0.432;5.846;1.2055
02/11/2012;-0.134;3.105;0.021;4.482;0.486;5.675;1.207
26/10/2012;-0.203;3.125;0.025;4.441;0.506;5.605;1.2093
19/10/2012;-0.190;2.844;0.031;4.207;0.525;5.381;1.2089
12/10/2012;-0.162;3.110;-0.002;4.458;0.497;5.638;1.2089
05/10/2012;-0.134;3.172;0.033;4.557;0.539;5.707;1.2112
28/09/2012;-0.115;3.529;0.040;4.961;0.528;5.966;1.2084
21/09/2012;-0.089;3.191;0.055;4.732;0.609;5.797;1.2111
14/09/2012;-0.137;3.245;0.048;4.805;0.649;5.818;1.2165
07/09/2012;-0.161;2.875;0.058;4.577;0.589;5.678;1.21
31/08/2012;-0.425;3.790;-0.040;5.880;0.507;6.740;1.2007
24/08/2012;-0.364;3.750;-0.017;5.690;0.519;6.450;1.2007
17/08/2012;-0.281;3.780;0.045;5.660;0.562;6.500;1.2008
10/08/2012;-0.363;4.170;0.023;6.050;0.576;6.940;1.2007
03/08/2012;-0.436;5.180;0.020;6.470;0.508;7.180;1.2014
27/07/2012;-0.424;5.350;0.042;6.520;0.530;6.780;1.2008
20/07/2012;-0.410;5.930;-0.007;6.980;0.479;7.300;1.2009
13/07/2012;-0.339;4.650;-0.010;6.080;0.538;6.590;1.2007
06/07/2012;-0.212;5.200;0.014;6.350;0.548;6.950;1.2008
29/06/2012;-0.151;4.600;0.083;5.770;0.658;6.520;1.2013
22/06/2012;-0.351;4.660;0.016;5.890;0.570;6.420;1.2007
15/06/2012;-0.236;5.060;0.004;6.260;0.570;6.860;1.2008
08/06/2012;-0.273;4.430;0.072;5.650;0.586;6.230;1.2008
01/06/2012;-0.191;5.000;0.042;6.020;0.497;6.520;1.2012
25/05/2012;-0.119;4.330;0.106;5.380;0.638;6.350;1.2012
18/05/2012;-0.068;4.150;0.140;5.370;0.616;6.250;1.201
11/05/2012;-0.020;3.730;0.198;5.020;0.638;6.010;1.2011
04/05/2012;-0.030;3.300;0.203;4.700;0.667;5.750;1.2012
27/04/2012;0.011;3.330;0.259;4.790;0.720;5.840;1.2011
20/04/2012;-0.021;3.510;0.310;4.810;0.766;5.980;1.2015
13/04/2012;0.025;3.480;0.244;4.890;0.752;5.960;1.2025
06/04/2012;0.036;2.990;0.290;4.610;0.811;5.750;1.2005
30/03/2012;0.060;2.610;0.340;4.300;0.857;5.360;1.2039
23/03/2012;0.070;2.420;0.377;3.980;0.896;5.380;1.2049
16/03/2012;0.060;2.400;0.434;3.760;0.936;5.180;1.206
09/03/2012;0.051;2.330;0.282;3.580;0.709;5.000;1.2056
02/03/2012;-0.010;2.250;0.244;3.500;0.685;4.920;1.2068
24/02/2012;0.038;2.630;0.267;3.700;0.770;5.030;1.2047
17/02/2012;0.054;2.850;0.280;3.940;0.810;5.290;1.2084
10/02/2012;0.020;2.830;0.310;3.950;0.817;5.290;1.2086
03/02/2012;0.060;2.690;0.297;3.680;0.754;5.050;1.2074
27/01/2012;0.124;2.420;0.310;3.530;0.756;5.000;1.2061
20/01/2012;0.109;3.240;0.304;4.130;0.775;5.840;1.2081
13/01/2012;-0.006;3.040;0.258;4.130;0.757;5.260;1.2072
06/01/2012;-0.023;3.820;0.304;4.930;0.753;5.760;1.215
30/12/2011;0.052;3.410;0.290;4.210;0.744;5.100;1.2144
23/12/2011;-0.114;3.810;0.317;4.570;0.790;5.440;1.2223
16/12/2011;0.058;3.490;0.290;4.560;0.797;5.330;1.2204
09/12/2011;0.050;4.750;0.294;5.250;0.839;5.780;1.2355
02/12/2011;-0.008;4.820;0.364;5.050;0.916;5.680;1.234
25/11/2011;0.101;6.180;0.384;6.190;0.954;6.720;1.2321
18/11/2011;0.043;5.360;0.378;5.810;0.958;6.390;1.2387
11/11/2011;0.083;4.660;0.424;5.270;0.951;6.030;1.2388
04/11/2011;-0.012;4.250;0.420;4.940;0.964;5.640;1.2197
28/10/2011;0.024;4.120;0.553;4.650;1.111;5.500;1.2206
21/10/2011;0.054;4.030;0.546;4.770;1.106;5.470;1.226
14/10/2011;0.067;3.660;0.573;4.470;1.135;5.290;1.2375
07/10/2011;0.101;3.360;0.520;4.300;1.105;5.070;1.2402
30/09/2011;-0.027;3.500;0.460;4.400;1.030;5.160;1.2154
23/09/2011;-0.018;3.650;0.487;4.450;0.972;5.220;1.2223
16/09/2011;0.016;3.800;0.594;4.590;1.115;5.330;1.2083
09/09/2011;0.070;3.610;0.589;4.480;1.102;5.230;1.2067
02/09/2011;0.042;3.410;0.568;4.380;1.071;5.120;1.1194
26/08/2011;0.050;3.287;0.577;4.249;1.093;5.014;1.1689
19/08/2011;0.122;3.288;0.510;4.254;1.017;4.994;1.1303
12/08/2011;0.133;3.235;0.725;4.263;1.292;5.012;1.1087
05/08/2011;0.067;4.332;0.727;5.462;1.328;6.082;1.0956
29/07/2011;0.171;4.308;0.884;5.424;1.436;6.137;1.1313
22/07/2011;0.328;3.843;1.077;4.968;1.613;5.767;1.1767
15/07/2011;0.203;4.197;1.024;5.397;1.569;6.051;1.1536
08/07/2011;0.393;3.733;1.153;4.932;1.739;5.679;1.1934
01/07/2011;0.440;3.349;1.210;4.635;1.783;5.389;1.2312
24/06/2011;0.374;3.711;1.163;4.964;1.729;5.694;1.1826
17/06/2011;0.420;3.500;1.188;4.808;1.740;5.597;1.2138
10/06/2011;0.499;3.430;1.203;4.695;1.718;5.486;1.2095
03/06/2011;0.676;3.362;1.363;4.487;1.807;5.227;1.22
27/05/2011;0.719;3.538;1.395;4.641;1.793;5.332;1.2159
20/05/2011;0.758;3.684;1.450;4.785;1.881;5.496;1.2421
13/05/2011;0.836;3.408;1.466;4.506;1.908;5.270;1.2599
06/05/2011;0.878;3.305;1.553;4.536;2.001;5.250;1.2584
29/04/2011;1.026;3.293;1.640;4.527;2.035;5.290;1.2819
22/04/2011;0.956;3.558;1.646;4.734;2.061;5.488;1.2902
15/04/2011;1.034;3.362;1.694;4.646;2.088;5.420;1.2873
08/04/2011;1.108;3.126;1.709;4.431;2.119;5.262;1.312
01/04/2011;0.989;3.172;1.582;4.449;1.992;5.319;1.3148
25/03/2011;0.904;2.930;1.479;4.217;1.854;5.156;1.2949
18/03/2011;0.771;2.845;1.378;4.147;1.790;5.166;1.2781
11/03/2011;0.845;3.100;1.424;4.433;1.827;5.429;1.2926
04/03/2011;0.883;3.266;1.493;4.520;1.859;5.391;1.2935
25/02/2011;0.854;3.232;1.470;4.493;1.886;5.398;1.2765
18/02/2011;0.849;3.151;1.487;4.455;1.916;5.378;1.2951
11/02/2011;0.820;2.967;1.472;4.507;1.919;5.359;1.3181
04/02/2011;0.874;2.831;1.464;4.282;1.912;5.153;1.2977
28/01/2011;0.895;3.219;1.449;4.662;1.857;5.474;1.2824
21/01/2011;0.881;3.065;1.463;4.455;1.899;5.198;1.3056
14/01/2011;0.821;3.408;1.440;4.633;1.874;5.342;1.2893
07/01/2011;0.714;3.624;1.328;4.872;1.778;5.535;1.2493
31/12/2010;0.738;3.559;1.359;4.780;1.763;5.483;1.2488
24/12/2010;0.756;3.613;1.329;4.747;1.715;5.508;1.2626
17/12/2010;0.774;3.740;1.439;4.848;1.911;5.558;1.2791
10/12/2010;0.701;3.682;1.291;4.756;1.758;5.435;1.2968
03/12/2010;0.691;3.229;1.270;4.339;1.720;5.128;1.3072
26/11/2010;0.696;3.489;1.234;4.552;1.679;5.199;1.3278
19/11/2010;0.686;2.700;1.170;4.055;1.554;4.734;1.3569
12/11/2010;0.692;2.401;1.135;3.793;1.544;4.541;1.3427
05/11/2010;0.637;2.251;1.072;3.676;1.461;4.365;1.3494
29/10/2010;0.702;1.988;1.144;3.150;1.535;4.219;1.37
22/10/2010;0.660;1.976;1.151;3.028;1.548;4.140;1.3637
15/10/2010;0.650;1.898;1.123;2.921;1.508;3.987;1.3396
08/10/2010;0.627;2.008;1.103;2.967;1.393;4.003;1.3418
01/10/2010;0.661;2.149;1.125;3.104;1.410;4.102;1.3397
24/09/2010;0.652;2.145;1.119;3.169;1.406;4.151;1.3263
17/09/2010;0.700;2.174;1.218;3.176;1.455;4.212;1.3173
10/09/2010;0.676;2.179;1.197;3.121;1.488;4.128;1.2928
03/09/2010;0.582;1.949;1.011;3.017;1.265;4.014;1.3107
27/08/2010;0.532;1.984;0.944;3.118;1.169;4.049;1.3118
20/08/2010;0.493;1.841;0.917;2.922;1.145;4.087;1.3139
13/08/2010;0.541;1.996;0.987;3.087;1.259;4.261;1.3404
06/08/2010;0.656;1.825;1.110;2.836;1.396;4.062;1.3795
30/07/2010;0.675;1.911;1.159;2.985;1.481;4.231;1.3584
23/07/2010;0.664;2.120;1.152;3.246;1.477;4.360;1.3613
16/07/2010;0.655;2.181;1.139;3.307;1.447;4.538;1.3581
09/07/2010;0.687;2.550;1.160;3.656;1.453;4.603;1.3371
02/07/2010;0.692;2.802;1.168;3.757;1.475;4.555;1.335
25/06/2010;0.723;2.740;1.236;3.636;1.550;4.480;1.3521
18/06/2010;0.767;2.952;1.291;3.743;1.619;4.650;1.3729
11/06/2010;0.652;2.765;1.250;3.590;1.557;4.487;1.3919
04/06/2010;0.644;2.848;1.217;3.714;1.533;4.570;1.3917
28/05/2010;0.623;2.402;1.251;3.264;1.570;4.235;1.4224
21/05/2010;0.545;2.149;1.170;2.987;1.519;4.073;1.4445
14/05/2010;0.239;2.068;1.365;2.989;1.729;3.984;1.4004
07/05/2010;0.192;2.892;1.291;3.788;1.657;4.389;1.4131
30/04/2010;0.445;2.013;1.527;3.157;1.831;4.041;1.4322
23/04/2010;0.512;1.431;1.574;2.882;1.890;3.993;1.435
16/04/2010;0.534;1.138;1.628;2.619;1.939;3.832;1.4327
09/04/2010;0.528;1.168;1.647;2.712;1.934;3.870;1.4384
02/04/2010;0.477;1.131;1.605;2.613;1.924;3.809;1.4319
26/03/2010;0.473;1.142;1.610;2.634;1.924;3.875;1.4281
19/03/2010;0.493;1.165;1.637;2.686;1.946;3.910;1.4359
12/03/2010;0.490;1.236;1.630;2.702;1.942;3.866;1.4563
05/03/2010;0.401;1.219;1.562;2.647;1.889;3.859;1.463
26/02/2010;0.335;1.302;1.568;2.742;1.916;3.876;1.4627
19/02/2010;0.381;1.374;1.636;2.822;1.991;4.035;1.4641
12/02/2010;0.421;1.427;1.615;2.799;1.954;4.011;1.4662
05/02/2010;0.461;1.875;1.615;3.168;1.971;4.127;1.4661
29/01/2010;0.561;1.954;1.673;3.068;2.003;4.136;1.4705
22/01/2010;0.555;1.542;1.691;3.040;2.014;4.149;1.4724
15/01/2010;0.593;1.384;1.737;2.858;2.067;3.976;1.4766
08/01/2010;0.650;1.413;1.815;2.880;2.126;3.975;1.4753
01/01/2010;0.648;1.523;1.755;2.946;2.025;3.978;1.4844
25/12/2009;0.602;1.464;1.675;2.855;1.947;3.929;1.491
18/12/2009;0.596;1.446;1.660;2.790;1.932;3.848;1.4948
11/12/2009;0.382;1.541;1.724;2.747;1.904;3.838;1.5125
04/12/2009;0.388;1.389;1.743;2.689;1.911;3.773;1.5093
27/11/2009;0.432;1.380;1.716;2.690;1.886;3.793;1.5049
20/11/2009;0.450;1.372;1.820;2.745;2.004;3.837;1.5125
13/11/2009;0.486;1.339;1.818;2.757;1.995;3.882;1.5094
06/11/2009;0.527;1.391;1.842;2.784;2.013;3.890;1.51
30/10/2009;0.561;1.421;1.865;2.733;2.055;3.816;1.5106
23/10/2009;0.577;1.611;1.951;2.804;2.157;3.882;1.514
16/10/2009;0.574;1.515;1.916;2.782;2.123;3.857;1.5175
09/10/2009;0.531;1.517;1.824;2.773;2.032;3.815;1.5191
02/10/2009;0.484;1.398;1.787;2.720;1.971;3.770;1.5101
25/09/2009;0.516;1.511;1.878;2.734;2.080;3.784;1.5091
18/09/2009;0.543;1.469;1.951;2.806;2.169;3.898;1.5145
11/09/2009;0.524;1.122;1.906;2.708;2.115;3.780;1.5129
04/09/2009;0.490;1.191;1.881;2.812;2.078;3.872;1.5161
28/08/2009;0.429;1.329;1.832;2.792;2.027;3.766;1.5153
21/08/2009;0.450;1.376;1.860;2.867;2.050;3.816;1.5163
14/08/2009;0.375;1.273;1.812;2.838;1.995;3.826;1.5221
07/08/2009;0.585;1.603;1.967;3.060;2.139;3.995;1.533
31/07/2009;0.421;1.311;1.851;2.814;2.013;3.836;1.523
24/07/2009;0.488;1.391;2.020;2.987;2.181;4.048;1.5221
17/07/2009;0.492;1.355;2.125;3.085;2.293;4.140;1.5181
10/07/2009;0.511;1.305;2.089;2.977;2.260;4.055;1.5139
03/07/2009;0.479;1.303;2.132;3.026;2.320;4.063;1.5188
26/06/2009;0.513;1.393;2.157;2.821;2.350;4.152;1.5229
19/06/2009;0.565;1.619;2.203;3.074;2.399;4.284;1.5069
12/06/2009;0.636;1.810;2.296;3.267;2.503;4.379;1.5124
05/06/2009;0.550;1.809;2.298;3.336;2.511;4.483;1.5162
29/05/2009;0.555;1.573;2.301;3.130;2.450;4.401;1.5104
22/05/2009;0.529;1.585;2.198;3.004;2.390;4.205;1.5193
15/05/2009;0.476;1.509;2.123;2.818;2.346;4.034;1.5132
08/05/2009;0.535;1.504;2.196;2.829;2.394;4.025;1.5081
01/05/2009;0.489;1.706;1.990;2.833;2.177;3.937;1.5072
24/04/2009;0.495;1.748;1.915;2.966;2.098;4.016;1.5083
17/04/2009;0.538;1.913;1.991;3.083;2.187;4.126;1.5183
10/04/2009;0.552;1.820;2.044;3.100;2.245;4.157;1.5222
03/04/2009;0.570;1.910;2.071;3.122;2.243;4.130;1.525
27/03/2009;0.517;1.806;1.990;3.063;2.189;4.047;1.5201
20/03/2009;0.489;1.881;1.915;3.103;2.069;4.039;1.5297
13/03/2009;0.550;1.924;2.022;3.218;2.208;4.045;1.5338
06/03/2009;0.548;1.874;1.975;3.090;2.120;4.018;1.4667
27/02/2009;0.552;2.045;2.136;3.364;2.282;4.267;1.4828
20/02/2009;0.314;2.134;1.999;3.301;2.113;4.173;1.4796
13/02/2009;0.407;2.085;1.908;3.294;2.089;4.280;1.4951
06/02/2009;0.479;2.197;1.996;3.416;2.188;4.455;1.5039
30/01/2009;0.503;2.328;2.072;3.644;2.229;4.382;1.485
23/01/2009;0.566;2.464;2.049;3.657;2.228;4.364;1.5007
16/01/2009;0.576;2.414;2.033;3.411;2.242;4.111;1.4848
09/01/2009;0.679;1.784;2.125;3.264;2.245;3.863;1.4957
02/01/2009;0.674;2.202;2.091;3.261;2.228;3.811;1.5026
26/12/2008;0.806;2.415;2.084;3.320;2.250;3.818;1.5022
19/12/2008;0.808;2.545;2.076;3.384;2.235;3.831;1.5346
12/12/2008;0.904;2.829;2.108;3.736;2.242;4.062;1.5751
05/12/2008;1.182;2.668;1.935;3.517;1.994;3.804;1.5532
28/11/2008;1.314;2.749;2.178;3.498;2.241;3.912;1.5414
21/11/2008;1.268;2.644;2.037;3.369;2.126;3.856;1.5373
14/11/2008;1.778;2.888;2.481;3.518;2.573;4.119;1.5109
07/11/2008;1.829;3.015;2.593;3.462;2.644;4.259;1.5014
31/10/2008;1.540;3.088;2.700;3.714;2.782;4.575;1.4762
24/10/2008;1.309;3.030;2.724;3.813;2.754;4.362;1.473
17/10/2008;1.520;3.298;2.907;4.023;2.938;4.476;1.5249
10/10/2008;1.294;3.299;2.729;4.192;2.763;4.606;1.5271
03/10/2008;1.506;3.680;2.596;4.115;2.679;4.462;1.5546
26/09/2008;1.839;4.067;2.765;4.340;2.758;4.626;1.5933
19/09/2008;1.743;4.352;2.838;4.489;2.836;4.745;1.599
12/09/2008;2.284;4.209;2.845;4.223;2.865;4.591;1.6074
05/09/2008;2.259;4.159;2.762;4.104;2.789;4.462;1.5955
29/08/2008;2.419;4.269;2.886;4.279;2.901;4.539;1.6157
22/08/2008;2.402;4.280;2.913;4.281;2.920;4.566;1.6248
15/08/2008;2.319;4.162;2.858;4.157;2.897;4.517;1.6096
08/08/2008;2.428;4.234;2.958;4.249;2.995;4.583;1.6238
01/08/2008;2.587;4.421;3.045;4.442;3.056;4.643;1.6337
25/07/2008;2.690;4.592;3.215;4.730;3.223;4.933;1.6273
18/07/2008;2.668;4.731;3.115;4.799;3.124;4.890;1.6204
11/07/2008;2.714;4.619;3.135;4.626;3.156;4.748;1.6195
04/07/2008;2.721;4.564;3.264;4.656;3.264;4.779;1.6098
27/06/2008;2.772;4.602;3.291;4.677;3.300;4.799;1.608
20/06/2008;2.817;4.777;3.381;4.852;3.392;4.905;1.6136
13/06/2008;2.924;4.781;3.431;4.833;3.443;4.899;1.6104
06/06/2008;2.833;4.684;3.243;4.570;3.242;4.689;1.607
30/05/2008;2.606;4.411;3.214;4.430;3.227;4.614;1.6208
23/05/2008;2.547;4.303;3.063;4.300;3.073;4.477;1.614
16/05/2008;2.499;4.123;3.030;4.214;3.052;4.422;1.632
09/05/2008;2.424;3.807;2.975;3.987;2.999;4.289;1.6113
02/05/2008;2.511;3.956;3.143;4.173;3.162;4.461;1.6309
25/04/2008;2.568;3.989;3.146;4.199;3.180;4.450;1.6175
18/04/2008;2.728;4.015;3.189;4.155;3.219;4.412;1.6097
11/04/2008;2.353;3.615;2.957;3.833;2.961;4.238;1.5833
04/04/2008;2.388;3.723;2.967;3.920;2.976;4.261;1.5825
28/03/2008;1.741;3.705;2.915;3.884;2.948;4.267;1.5719
21/03/2008;1.709;3.547;2.760;3.704;2.757;4.122;1.5572
14/03/2008;1.848;3.352;2.860;3.531;2.895;4.149;1.5644
07/03/2008;1.959;3.395;2.937;3.598;2.978;4.194;1.5744
29/02/2008;2.031;3.253;2.949;3.516;2.983;4.147;1.5804
22/02/2008;2.070;3.467;2.889;3.713;2.920;4.273;1.6092
15/02/2008;2.061;3.360;2.846;3.567;2.862;4.082;1.604
08/02/2008;1.974;3.251;2.742;3.499;2.780;4.012;1.5989
01/02/2008;2.036;3.546;2.805;3.670;2.824;4.062;1.612
25/01/2008;1.981;3.613;2.768;3.775;2.800;4.133;1.6097
18/01/2008;1.962;3.637;2.821;3.778;2.855;4.121;1.6069
11/01/2008;2.114;3.883;2.932;3.955;2.959;4.235;1.6279
04/01/2008;2.235;3.876;2.970;3.974;2.970;4.241;1.633
28/12/2007;2.339;4.052;3.065;4.198;3.065;4.408;1.6585
21/12/2007;2.323;4.075;3.033;4.180;3.033;4.423;1.6605
14/12/2007;2.288;4.069;3.071;4.213;3.071;4.434;1.6628
07/12/2007;2.201;3.998;3.009;4.105;3.009;4.337;1.6536
30/11/2007;2.196;3.912;2.888;4.034;2.888;4.286;1.6567
23/11/2007;2.208;3.816;2.827;3.934;2.827;4.203;1.6353
16/11/2007;2.337;3.907;2.944;4.015;2.944;4.243;1.639
09/11/2007;2.379;3.890;2.946;4.001;2.946;4.218;1.6478
02/11/2007;2.520;4.024;2.934;4.111;2.934;4.293;1.6742
26/10/2007;2.494;3.972;2.963;4.107;2.963;4.276;1.6753
19/10/2007;2.496;3.973;2.980;4.158;2.980;4.304;1.6672
12/10/2007;2.632;4.223;3.119;4.397;3.119;4.495;1.6797
05/10/2007;2.553;4.057;3.087;4.249;3.087;4.418;1.6655
28/09/2007;2.430;4.072;3.018;4.260;3.018;4.432;1.6601
21/09/2007;2.508;4.076;3.085;4.306;3.085;4.450;1.6516
14/09/2007;2.333;4.047;2.842;4.167;2.842;4.274;1.6508
07/09/2007;2.499;3.924;2.918;4.184;2.918;4.247;1.6361
31/08/2007;2.594;4.075;3.049;4.221;3.049;4.362;1.6469
24/08/2007;2.626;4.096;3.001;4.203;3.001;4.330;1.642
17/08/2007;2.451;3.998;2.996;4.185;2.996;4.376;1.6274
10/08/2007;2.721;4.280;3.069;4.376;3.069;4.469;1.6414
03/08/2007;2.854;4.304;3.071;4.372;3.071;4.441;1.6399
27/07/2007;2.837;4.305;3.104;4.384;3.104;4.417;1.6472
20/07/2007;2.963;4.451;3.029;4.494;3.181;4.521;1.6603
13/07/2007;3.056;4.555;3.201;4.645;3.389;4.687;1.6574
06/07/2007;3.066;4.575;3.188;4.689;3.370;4.750;1.6595
29/06/2007;2.900;4.204;3.062;4.572;3.230;4.622;1.654
22/06/2007;2.898;4.187;3.059;4.615;3.213;4.696;1.6557
15/06/2007;2.864;4.250;3.035;4.639;3.253;4.705;1.662
08/06/2007;2.800;4.137;2.957;4.557;3.185;4.601;1.6517
01/06/2007;2.842;4.123;2.946;4.460;3.102;4.463;1.6537
25/05/2007;2.774;4.130;2.904;4.400;3.060;4.425;1.6511
18/05/2007;2.683;4.071;2.803;4.320;2.932;4.357;1.6578
11/05/2007;2.616;4.023;2.718;4.168;2.830;4.219;1.6483
04/05/2007;2.581;4.047;2.697;4.213;2.812;4.251;1.6467
27/04/2007;2.527;4.042;2.633;4.220;2.787;4.274;1.6455
20/04/2007;2.513;4.023;2.622;4.191;2.772;4.249;1.6417
13/04/2007;2.533;4.014;2.637;4.223;2.803;4.289;1.6432
06/04/2007;2.472;3.968;2.554;4.096;2.727;4.155;1.6348
30/03/2007;2.454;3.948;2.536;4.052;2.681;4.101;1.6232
23/03/2007;2.477;3.988;2.539;3.962;2.644;4.033;1.619
16/03/2007;2.426;3.934;2.454;3.914;2.592;3.951;1.6071
09/03/2007;2.429;3.954;2.493;3.909;2.629;3.991;1.619
02/03/2007;2.411;3.882;2.458;3.952;2.542;3.983;1.6045
23/02/2007;2.502;3.960;2.547;4.039;2.616;4.094;1.6233
16/02/2007;2.492;3.887;2.539;4.029;2.603;4.093;1.6218
09/02/2007;2.510;3.836;2.510;4.043;2.586;4.097;1.6236
02/02/2007;2.542;3.837;2.506;4.070;2.585;4.131;1.6171
26/01/2007;2.529;3.826;2.521;4.064;2.598;4.132;1.6188
19/01/2007;2.519;3.817;2.528;4.043;2.581;4.101;1.6177
12/01/2007;2.565;3.806;2.612;3.971;2.676;4.110;1.6117
05/01/2007;2.336;3.815;2.525;3.936;2.508;4.004;1.6071
29/12/2006;2.311;3.832;2.497;3.937;2.481;3.997;1.6085
22/12/2006;1.997;3.816;2.224;3.880;2.448;3.914;1.601
15/12/2006;2.270;3.757;2.424;3.820;2.453;3.868;1.5973
08/12/2006;2.182;3.734;2.460;3.726;2.390;3.742;1.5906
01/12/2006;2.136;3.665;2.352;3.605;2.302;3.734;1.5914
24/11/2006;2.109;3.669;2.349;3.662;2.316;3.742;1.5831
17/11/2006;2.157;3.681;2.274;3.689;2.319;3.802;1.5957
10/11/2006;2.072;3.701;2.342;3.681;2.307;3.768;1.594
03/11/2006;2.051;3.698;2.418;3.736;2.392;3.790;1.5943
27/10/2006;2.068;3.683;2.548;3.751;2.506;3.887;1.5909
20/10/2006;2.059;3.639;2.552;3.745;2.503;3.878;1.5884
13/10/2006;2.068;3.636;2.345;3.730;2.498;3.840;1.5928
06/10/2006;2.009;3.588;2.256;3.651;2.388;3.769;1.5879
29/09/2006;2.022;3.580;2.457;3.626;2.409;3.714;1.5847
22/09/2006;1.972;3.546;2.450;3.575;2.388;3.686;1.58
15/09/2006;2.061;3.585;2.517;3.705;2.451;3.805;1.5896
08/09/2006;2.058;3.560;2.530;3.673;2.468;3.794;1.5816
01/09/2006;1.996;3.490;2.528;3.592;2.468;3.739;1.5796
25/08/2006;2.466;3.470;2.587;3.606;2.517;3.791;1.5809
18/08/2006;2.022;3.526;2.420;3.731;2.595;3.897;1.5818
11/08/2006;2.000;3.497;2.464;3.768;2.694;3.983;1.5814
04/08/2006;1.997;3.456;2.476;3.700;2.691;3.907;1.5749
28/07/2006;1.978;3.406;2.462;3.685;2.713;3.926;1.5727
21/07/2006;1.979;3.409;2.499;3.721;2.774;3.965;1.5697
14/07/2006;1.991;3.400;2.522;3.727;2.785;3.983;1.5615
07/07/2006;2.053;3.442;2.573;3.828;2.837;4.064;1.567
30/06/2006;2.079;3.399;2.564;3.812;2.826;4.056;1.5642
23/06/2006;2.040;3.359;2.521;3.790;2.792;4.072;1.5621
16/06/2006;1.952;3.267;2.368;3.642;2.628;3.933;1.5568
09/06/2006;1.974;3.195;2.391;3.618;2.642;3.934;1.556
02/06/2006;1.986;3.248;2.407;3.616;2.659;3.925;1.5608
26/05/2006;1.929;3.190;2.389;3.547;2.653;3.887;1.561
19/05/2006;1.955;3.230;2.472;3.635;2.755;4.005;1.5542
12/05/2006;2.002;3.286;2.596;3.747;2.872;4.074;1.5479
05/05/2006;1.920;3.264;2.468;3.721;2.740;4.020;1.5609
28/04/2006;1.838;3.230;2.414;3.679;2.705;3.963;1.5649
21/04/2006;1.769;3.174;2.331;3.631;2.653;3.959;1.5741
14/04/2006;1.819;3.194;2.306;3.667;2.615;3.978;1.5721
07/04/2006;1.792;3.152;2.260;3.584;2.555;3.922;1.5737
31/03/2006;1.799;3.228;2.222;3.572;2.489;3.812;1.58
24/03/2006;1.774;3.093;2.166;3.403;2.413;3.653;1.5775
17/03/2006;1.802;3.122;2.156;3.462;2.388;3.703;1.5725
10/03/2006;1.845;3.075;2.197;3.432;2.394;3.695;1.5688
03/03/2006;1.797;3.037;2.112;3.377;2.291;3.607;1.562
24/02/2006;1.683;2.941;2.003;3.253;2.231;3.516;1.5641
17/02/2006;1.628;2.848;1.939;3.166;2.180;3.468;1.5637
10/02/2006;1.630;2.871;1.979;3.204;2.183;3.490;1.5558
03/02/2006;1.635;2.883;2.006;3.211;2.200;3.485;1.5562
27/01/2006;1.570;2.875;1.983;3.204;2.214;3.497;1.5537
20/01/2006;1.582;2.821;1.912;3.104;2.073;3.375;1.5486
13/01/2006;1.489;2.770;1.851;3.007;2.010;3.273;1.5491
06/01/2006;1.499;2.570;1.851;2.970;2.034;3.272;1.5434
30/12/2005;1.511;2.654;1.799;3.043;1.916;3.321;1.5554
23/12/2005;1.524;2.657;1.909;3.070;2.025;3.356;1.5578
16/12/2005;1.482;2.647;1.884;3.030;2.074;3.370;1.5492
09/12/2005;1.585;2.637;1.953;3.076;2.180;3.460;1.539
02/12/2005;1.582;2.554;1.914;2.983;2.183;3.410;1.5431
25/11/2005;1.546;2.584;1.909;3.001;2.170;3.430;1.5464
18/11/2005;1.603;2.646;1.966;3.138;2.229;3.562;1.5471
11/11/2005;1.567;2.554;1.928;3.104;2.251;3.497;1.5372
04/11/2005;1.584;2.518;2.013;3.093;2.255;3.471;1.5435
28/10/2005;1.378;2.449;1.793;2.986;2.094;3.382;1.5448
21/10/2005;1.263;2.317;1.632;2.803;1.936;3.205;1.544
14/10/2005;1.204;2.325;1.617;2.865;1.926;3.285;1.5515
07/10/2005;1.170;2.278;1.588;2.751;1.931;3.146;1.5493
30/09/2005;1.123;2.228;1.555;2.717;1.900;3.136;1.5557
23/09/2005;0.989;2.140;1.458;2.595;1.842;3.046;1.5557
16/09/2005;1.023;2.141;1.488;2.634;1.867;3.117;1.5535
09/09/2005;1.009;2.078;1.438;2.529;1.823;3.025;1.5423
02/09/2005;0.948;2.052;1.388;2.524;1.832;3.040;1.54
26/08/2005;1.017;2.138;1.467;2.634;1.927;3.133;1.5466
19/08/2005;1.043;2.086;1.479;2.652;1.901;3.177;1.5499
12/08/2005;1.075;2.135;1.574;2.729;2.006;3.265;1.5514
05/08/2005;1.059;2.183;1.569;2.834;2.014;3.365;1.5606
29/07/2005;0.964;2.141;1.481;2.701;1.951;3.236;1.5627
22/07/2005;0.865;2.085;1.419;2.671;1.897;3.227;1.5638
15/07/2005;0.989;2.116;1.522;2.724;1.987;3.270;1.5594
08/07/2005;0.905;2.055;1.478;2.632;1.927;3.173;1.5542
01/07/2005;0.856;2.010;1.426;2.573;1.938;3.141;1.5511
24/06/2005;0.817;1.950;1.437;2.552;2.027;3.120;1.5411
17/06/2005;0.862;2.063;1.442;2.717;2.031;3.277;1.5452
10/06/2005;0.860;2.013;1.345;2.350;1.897;3.124;1.5374
03/06/2005;0.905;2.056;1.376;2.426;1.973;3.215;1.5323
27/05/2005;0.964;2.091;1.421;2.505;1.994;3.321;1.5481
20/05/2005;0.983;2.174;1.446;2.592;2.025;3.365;1.5486
13/05/2005;0.980;2.152;1.448;2.555;2.029;3.342;1.5455
06/05/2005;0.937;2.171;1.514;2.635;2.116;3.471;1.5456
29/04/2005;1.024;2.177;1.509;2.598;2.087;3.426;1.5379
22/04/2005;1.010;2.209;1.528;2.658;2.103;3.488;1.5433
15/04/2005;1.108;2.265;1.563;2.696;2.136;3.507;1.5499
08/04/2005;1.130;2.321;1.680;2.766;2.258;3.583;1.5488
01/04/2005;1.168;2.388;1.728;2.836;2.279;3.633;1.5523
25/03/2005;1.239;2.463;1.829;2.954;2.412;3.728;1.5541
18/03/2005;1.175;2.412;1.788;2.928;2.376;3.714;1.5502
11/03/2005;1.189;2.371;1.786;2.909;2.383;3.779;1.5477
04/03/2005;1.156;2.386;1.754;2.872;2.300;3.706;1.5474
25/02/2005;1.238;2.448;1.795;2.954;2.364;3.720;1.5394
18/02/2005;1.220;2.462;1.763;2.960;2.286;3.693;1.5459
11/02/2005;1.067;2.364;1.569;2.774;2.026;3.476;1.5572
04/02/2005;1.081;2.359;1.617;2.804;2.132;3.509;1.5584
28/01/2005;1.148;2.358;1.702;2.800;2.243;3.556;1.5468
21/01/2005;1.158;2.344;1.729;2.811;2.274;3.579;1.5456
14/01/2005;1.175;2.370;1.730;2.796;2.269;3.575;1.5467
07/01/2005;0.831;2.428;1.501;2.864;2.176;3.639;1.5467
31/12/2004;0.954;2.452;1.612;2.906;2.307;3.705;1.5466
24/12/2004;0.937;2.421;1.550;2.837;2.242;3.626;1.5464
17/12/2004;1.018;2.401;1.557;2.853;2.258;3.643;1.539
10/12/2004;1.030;2.324;1.516;2.769;2.192;3.631;1.5349
03/12/2004;1.115;2.353;1.585;2.841;2.294;3.687;1.5212
26/11/2004;1.118;2.366;1.607;2.874;2.301;3.710;1.5139
19/11/2004;1.361;2.457;1.709;2.973;2.433;3.780;1.5128
12/11/2004;1.298;2.374;1.633;2.924;2.366;3.770;1.5201
05/11/2004;0.989;2.552;1.679;3.086;2.464;3.916;1.5261
29/10/2004;0.974;2.444;1.695;3.024;2.472;3.872;1.5278
22/10/2004;0.966;2.463;1.677;3.028;2.486;3.876;1.5348
15/10/2004;1.010;2.498;1.742;3.075;2.496;3.931;1.5381
08/10/2004;0.910;2.552;1.845;3.117;2.591;3.964;1.5516
01/10/2004;1.134;2.615;1.886;3.208;2.608;4.043;1.5511
24/09/2004;1.137;2.638;1.900;3.182;2.633;3.978;1.5473
17/09/2004;1.145;2.651;1.887;3.243;2.616;4.043;1.5467
10/09/2004;1.166;2.650;1.885;3.249;2.623;4.077;1.5424
03/09/2004;1.169;2.710;1.930;3.344;2.695;4.167;1.5322
27/08/2004;1.080;2.588;1.903;3.244;2.682;4.095;1.5411
20/08/2004;1.018;2.573;1.858;3.229;2.628;4.089;1.5415
13/08/2004;0.974;2.564;1.832;3.223;2.607;4.071;1.531
06/08/2004;1.013;2.577;1.878;3.240;2.671;4.095;1.535
30/07/2004;1.242;2.752;2.109;3.421;2.808;4.238;1.5392
23/07/2004;1.256;2.772;2.125;3.446;2.813;4.268;1.5324
16/07/2004;1.234;2.699;2.102;3.374;2.795;4.225;1.5254
09/07/2004;1.284;2.742;2.136;3.423;2.822;4.266;1.5179
02/07/2004;1.336;2.753;2.160;3.453;2.859;4.280;1.5179
25/06/2004;1.413;2.847;2.243;3.525;2.912;4.340;1.5182
18/06/2004;1.396;2.922;2.195;3.579;2.849;4.365;1.5073
11/06/2004;1.449;2.978;2.253;3.651;2.931;4.453;1.5128
04/06/2004;1.309;2.597;2.195;3.582;2.889;4.417;1.5205
28/05/2004;1.178;2.484;2.075;3.479;2.793;4.344;1.5297
21/05/2004;1.201;2.513;1.997;3.503;2.755;4.357;1.5366
14/05/2004;1.259;2.569;2.039;3.541;2.785;4.377;1.5384
07/05/2004;1.235;2.546;2.018;3.490;2.750;4.352;1.5457
30/04/2004;1.110;2.418;1.924;3.380;2.651;4.249;1.5511
23/04/2004;1.107;2.415;1.895;3.358;2.702;4.252;1.5563
16/04/2004;1.045;2.349;1.809;3.302;2.621;4.189;1.553
09/04/2004;0.990;2.271;1.766;3.228;2.587;4.146;1.5502
02/04/2004;0.887;2.180;1.751;2.945;2.619;4.181;1.5653
26/03/2004;0.710;1.946;1.549;2.667;2.465;3.970;1.5577
19/03/2004;0.731;2.000;1.538;2.715;2.447;3.890;1.5599
12/03/2004;0.699;2.060;1.507;2.751;2.411;3.896;1.5683
05/03/2004;0.700;2.082;1.572;2.817;2.489;3.985;1.5786
27/02/2004;0.728;2.100;1.627;2.884;2.552;4.048;1.5761
20/02/2004;0.792;2.210;1.670;3.014;2.583;4.132;1.5787
13/02/2004;0.743;2.169;1.634;2.990;2.516;4.105;1.5772
06/02/2004;0.819;2.216;1.746;3.036;2.609;4.137;1.5669
30/01/2004;0.894;2.364;1.852;3.189;2.708;4.242;1.568
23/01/2004;0.784;2.211;1.718;3.019;2.626;4.095;1.5626
16/01/2004;0.880;2.282;1.811;3.094;2.649;4.136;1.5671
09/01/2004;0.969;2.262;1.876;3.080;2.672;4.133;1.5662
02/01/2004;0.553;2.452;1.662;3.326;2.626;4.321;1.5588
26/12/2003;0.526;2.453;1.615;3.278;2.570;4.236;1.5584
19/12/2003;0.500;2.478;1.615;3.299;2.575;4.268;1.5534
12/12/2003;0.569;2.500;1.668;3.336;2.606;4.290;1.5501
05/12/2003;0.707;2.624;1.792;3.466;2.680;4.387;1.5506
28/11/2003;0.735;2.726;1.889;3.552;2.823;4.457;1.5478
21/11/2003;0.547;2.502;1.713;3.347;2.673;4.316;1.5459
14/11/2003;0.653;2.593;1.838;3.405;2.761;4.349;1.563
07/11/2003;0.664;2.755;1.895;3.599;2.834;4.500;1.5704
31/10/2003;0.487;2.594;1.726;3.400;2.685;4.323;1.552
24/10/2003;0.489;2.562;1.709;3.372;2.647;4.285;1.546
17/10/2003;0.486;2.611;1.712;3.429;2.718;4.335;1.5504
10/10/2003;0.398;2.463;1.656;3.257;2.643;4.218;1.5493
03/10/2003;0.489;2.460;1.669;3.259;2.688;4.216;1.5471
26/09/2003;0.351;2.268;1.599;3.052;2.601;4.049;1.541
19/09/2003;0.446;2.407;1.735;3.212;2.690;4.158;1.5568
12/09/2003;0.459;2.448;1.739;3.250;2.663;4.176;1.5567
05/09/2003;0.543;2.607;1.915;3.421;2.816;4.333;1.5348
29/08/2003;0.511;2.606;1.788;3.378;2.693;4.244;1.5374
22/08/2003;0.499;2.619;1.740;3.379;2.656;4.222;1.5407
15/08/2003;0.531;2.559;1.688;3.317;2.618;4.199;1.5435
08/08/2003;0.501;2.433;1.662;3.136;2.462;4.041;1.5373
01/08/2003;0.445;2.648;1.587;3.362;2.520;4.226;1.5383
25/07/2003;0.414;2.290;1.486;3.018;2.456;4.033;1.5471
18/07/2003;0.433;2.284;1.462;3.034;2.433;4.095;1.5353
11/07/2003;0.380;2.161;1.350;2.865;2.294;3.965;1.5536
04/07/2003;0.398;2.137;1.381;2.856;2.345;3.948;1.5487
27/06/2003;0.503;2.185;1.456;2.861;2.414;3.898;1.542
20/06/2003;0.445;2.029;1.461;2.721;2.423;3.753;1.5409
13/06/2003;0.341;1.913;1.269;2.485;2.155;3.538;1.5385
06/06/2003;0.362;2.089;1.243;2.710;2.148;3.777;1.5445
30/05/2003;0.429;2.202;1.335;2.821;2.241;3.828;1.5285
23/05/2003;0.414;2.172;1.230;2.759;2.154;3.730;1.5253
16/05/2003;0.436;2.269;1.293;2.872;2.197;3.904;1.5137
09/05/2003;0.474;2.405;1.428;2.997;2.340;4.006;1.5093
02/05/2003;0.591;2.481;1.584;3.131;2.461;4.147;1.509
25/04/2003;0.712;2.558;1.636;3.201;2.469;4.183;1.5021
18/04/2003;0.716;2.420;1.634;3.345;2.471;4.165;1.5034
11/04/2003;0.741;2.444;1.680;3.321;2.555;4.198;1.4979
04/04/2003;0.687;2.424;1.644;3.313;2.520;4.205;1.4867
28/03/2003;0.737;2.419;1.615;3.272;2.474;4.141;1.4761
21/03/2003;0.800;2.571;1.678;3.465;2.542;4.309;1.4761
14/03/2003;0.595;2.398;1.319;3.195;2.240;4.045;1.4671
07/03/2003;0.416;2.207;1.134;2.940;2.079;3.853;1.4699
28/02/2003;0.640;2.272;1.374;3.017;2.270;3.931;1.4603
21/02/2003;0.645;2.371;1.356;3.091;2.223;3.968;1.4689
14/02/2003;0.632;2.405;1.374;3.132;2.241;4.024;1.4695
07/02/2003;0.688;2.424;1.439;3.199;2.280;4.045;1.4662
31/01/2003;0.778;2.518;1.510;3.288;2.325;4.105;1.4688
24/01/2003;0.733;2.495;1.491;3.254;2.288;4.055;1.465
17/01/2003;0.729;2.585;1.534;3.358;2.341;4.216;1.4596
10/01/2003;0.700;2.608;1.459;3.456;2.260;4.313;1.459
03/01/2003;0.729;2.721;1.588;3.562;2.226;4.413;1.457
27/12/2002;0.798;2.636;1.632;3.453;2.193;4.274;1.4509
20/12/2002;0.850;2.718;1.635;3.565;2.245;4.369;1.4617
13/12/2002;0.866;2.800;1.714;3.613;2.298;4.384;1.4765
06/12/2002;0.955;2.951;1.817;3.779;2.448;4.488;1.4709
29/11/2002;1.067;3.058;2.005;3.859;2.620;4.566;1.4743
22/11/2002;0.990;3.028;1.938;3.863;2.526;4.612;1.4721
15/11/2002;0.756;2.990;1.903;3.827;2.515;4.560;1.4649
08/11/2002;0.597;3.024;1.967;3.615;2.593;4.592;1.4614
01/11/2002;0.835;3.069;2.015;3.677;2.633;4.654;1.4612
25/10/2002;0.896;3.213;2.123;3.808;2.755;4.722;1.4662
18/10/2002;0.965;3.250;2.167;3.854;2.791;4.756;1.4695
11/10/2002;0.937;3.143;2.133;3.673;2.713;4.576;1.4643
04/10/2002;0.940;3.058;2.075;3.591;2.628;4.541;1.4613
27/09/2002;1.037;3.171;2.116;3.661;2.658;4.531;1.4647
20/09/2002;0.978;3.179;2.070;3.686;2.631;4.535;1.4641
13/09/2002;1.072;3.267;2.183;3.791;2.729;4.573;1.4672
06/09/2002;0.990;3.217;2.283;3.764;2.791;4.558;1.4569
30/08/2002;1.135;3.463;2.451;3.978;3.010;4.704;1.4715
23/08/2002;1.362;3.582;2.613;4.114;3.122;4.788;1.4718
16/08/2002;1.220;3.628;2.459;4.106;2.988;4.719;1.4662
09/08/2002;1.290;3.489;2.456;4.023;3.014;4.709;1.4579
02/08/2002;1.199;3.467;2.420;4.024;2.993;4.770;1.45
26/07/2002;1.318;3.644;2.408;4.191;2.958;4.887;1.4463
19/07/2002;1.564;3.834;2.539;4.358;3.052;4.988;1.4592
12/07/2002;1.732;3.879;2.667;4.382;3.149;5.015;1.47
05/07/2002;1.792;4.079;2.750;4.564;3.222;5.189;1.4663
28/06/2002;1.911;3.676;2.772;4.503;3.212;5.122;1.4679
21/06/2002;1.984;3.785;2.814;4.548;3.270;5.117;1.4663
14/06/2002;2.072;3.760;2.832;4.544;3.294;5.133;1.4752
07/06/2002;2.180;3.928;2.942;4.721;3.386;5.288;1.47
